0.4,208.03737940875988
1.2000000000000002,270.26925976864175
2,364.83627243034664
2.8,396.97707789132045
3.5999999999999996,324.29821113502646
4.3999999999999995,236.91736604850934
5.2,202.15157551429843
6.000000000000001,230.97137100215147
6.800000000000002,314.9467047888733
7.600000000000002,393.7144771915802
8.400000000000002,372.97982668042033
9.200000000000003,281.12190679776774
10.000000000000004,214.89062036994707
10.800000000000004,209.75185599905691
11.600000000000005,266.973708822553
12.400000000000006,360.0454626528527
13.200000000000006,398.5760241065998
14.000000000000007,332.12983279131294
14.800000000000008,244.3072973368573
15.600000000000009,206.45071540486444
16.400000000000006,231.9429218410811
17.200000000000003,313.02722181106134
18,392.3634462333547
18.799999999999997,376.1287823783315
19.599999999999994,286.62257090914255
20.39999999999999,219.6989958855002
21.19999999999999,213.15536796620358
21.999999999999986,268.77155991945574
22.799999999999983,360.1855028398094
23.59999999999998,398.7470613315268
24.399999999999977,334.1582521407017
25.199999999999974,247.65271177088977
25.99999999999997,210.33915815740087
26.79999999999997,236.14287355669262
27.599999999999966,316.60080816301013
28.399999999999963,393.3414896230373
29.19999999999996,375.190985270401
29.999999999999957,286.9014049236818
30.799999999999955,222.2659268841778
31.59999999999995,217.90741266907722
32.39999999999995,275.0960356758879
33.199999999999946,364.81622976290004
33.99999999999994,397.80437916267385
34.79999999999994,330.99299160023986
35.59999999999994,247.2873232080193
36.399999999999935,213.89995663665178
37.19999999999993,243.40963337899393
37.99999999999993,325.10800554969774
38.799999999999926,396.04479945925925
39.59999999999992,370.36155302071796
40.39999999999992,282.5790563661976
41.19999999999992,223.06784810033696
41.999999999999915,224.26823491691897
42.79999999999991,285.7808377051959
43.59999999999991,372.99768023868904
44.399999999999906,395.01336287675036
45.1999999999999,323.08376899666496
45.9999999999999,244.00872891707655
46.7999999999999,217.766309224283
47.599999999999895,254.06635777232432
48.39999999999989,337.94455562800835
49.19999999999989,398.9929647086852
49.999999999999886,361.314903168882
50.79999999999988,274.5374452039714
51.59999999999988,223.06789294720784
52.39999999999988,232.97902528668368
53.199999999999875,300.8477125742526
53.99999999999987,383.19595436737586
54.79999999999987,388.9630066529947
55.599999999999866,310.94328331129367
56.399999999999864,239.0207691681163
57.19999999999986,223.02055021833954
57.99999999999986,268.7336852805105
58.799999999999855,354.14485268449243
59.59999999999985,399.9656849523482
60.39999999999985,347.6684455598565
61.19999999999985,264.0070298055189
61.999999999999844,223.63412120794425
62.79999999999984,245.1252135817792
63.59999999999984,320.1532795638041
64.39999999999984,393.067283852429
65.19999999999985,378.06423821643443
65.99999999999986,295.4645121863123
66.79999999999987,233.90498653915043
67.59999999999988,231.0937602382241
68.39999999999989,288.0414312822621
69.1999999999999,371.92113649542256
69.99999999999991,396.2827820951316
70.79999999999993,329.52887628878744
71.59999999999994,252.64917985945013
72.39999999999995,226.46543419619556
73.19999999999996,261.93390807511344
73.99999999999997,342.85360921785434
74.79999999999998,399.37273113032535
75.6,361.2300285045292
76.4,278.17005103621256
77.20000000000002,230.57636968512588
78.00000000000003,243.63302265966794
78.80000000000004,312.1471164249727
79.60000000000005,388.2124786680036
80.40000000000006,385.452231193129
81.20000000000007,307.9613272478534
82.00000000000009,242.55125044025533
82.8000000000001,233.50264320158593
83.60000000000011,284.40753896822537
84.40000000000012,366.7094713642676
85.20000000000013,398.36971712357087
86.00000000000014,338.62498177810346
86.80000000000015,261.26615402986744
87.60000000000016,231.2073099560372
88.40000000000018,262.2563538907557
89.20000000000019,339.97307005757835
90.0000000000002,398.61437851818505
90.80000000000021,366.2064757312208
91.60000000000022,285.173789072249
92.40000000000023,236.12396616081833
93.20000000000024,246.7755441002458
94.00000000000026,312.64220809322035
94.80000000000027,387.4993848788296
95.60000000000028,386.9563409514137
96.40000000000029,312.15441984425763
97.2000000000003,247.47615561215565
98.00000000000031,238.11348290926617
98.80000000000032,288.03211476203467
99.60000000000034,368.24045207452383
100.40000000000035,398.25004919707294
101.20000000000036,339.53380891991145
102.00000000000037,264.29965672535906
102.80000000000038,235.9504875085954
103.60000000000039,268.05282474974786
104.4000000000004,344.7217969018617
105.20000000000041,399.2329290300614
106.00000000000043,364.35161817511903
106.80000000000044,285.3441711795672
107.60000000000045,239.75869673559023
108.40000000000046,253.53045183517906
109.20000000000047,320.4514262499989
110.00000000000048,390.87656197205973
110.8000000000005,383.8514579532227
111.6000000000005,309.000600776392
112.40000000000052,248.8968689403255
113.20000000000053,244.60657795605948
114.00000000000054,298.02246272872327
114.80000000000055,375.46905492630447
115.60000000000056,396.03398141895434
116.40000000000057,333.32425891778536
117.20000000000059,262.60525627276405
118.0000000000006,241.05272758822593
118.80000000000061,279.03695062542454
119.60000000000062,355.844863733338
120.40000000000063,400.05112760485974
121.20000000000064,356.1905752641645
122.00000000000065,279.9601491814451
122.80000000000067,242.46153164913514
123.60000000000068,264.28850301571316
124.40000000000069,334.70028882575605
125.2000000000007,396.2821300102753
126.00000000000071,375.56721428488777
126.80000000000072,299.83620577451245
127.60000000000073,248.3349963238854
128.40000000000074,254.01717784499408
129.20000000000076,314.18505227218157
130.00000000000077,386.086249683808
130.80000000000078,389.83002136348387
131.6000000000008,320.91205605993287
132.4000000000008,258.1061163998399
133.2000000000008,248.13121400853518
134.00000000000082,295.7764332172101
134.80000000000084,371.36752764964683
135.60000000000085,398.01947182220283
136.40000000000086,341.738298769026
137.20000000000087,271.127697376091
138.00000000000088,246.3603598101009
138.8000000000009,280.34134316210213
139.6000000000009,354.13039121736927
140.40000000000092,399.95155652919505
141.20000000000093,360.8654035953412
142.00000000000094,286.6550753015809
142.80000000000095,248.34413284158748
143.60000000000096,268.27964276373314
144.40000000000097,336.15343141620286
145.20000000000098,396.1556426443769
146.000000000001,377.0060368833808
146.800000000001,303.84183995049426
147.60000000000102,253.67249773426755
148.40000000000103,259.6747310904981
149.20000000000104,318.8221412414437
150.00000000000105,387.6781003443039
150.80000000000106,389.19043290202785
151.60000000000107,321.7599075677277
152.40000000000109,261.8978769434188
153.2000000000011,254.4157191673866
154.0000000000011,303.095490174108
154.80000000000112,375.8290774185681
155.60000000000113,396.8726149177958
156.40000000000114,339.4468488462962
157.20000000000115,272.5341202565352
158.00000000000117,252.28214813537136
158.80000000000118,289.55484183026033
159.6000000000012,361.9482155219885
160.4000000000012,399.96089064920574
161.2000000000012,355.9747247057111
162.00000000000122,285.0538009192208
162.80000000000123,252.9956965607512
163.60000000000124,278.48721007744007
164.40000000000126,347.23599817528066
165.20000000000127,398.77088990410346
166.00000000000128,370.5275500396181
166.8000000000013,298.89116846545147
167.6000000000013,256.2478737402001
168.4000000000013,269.97079100938396
169.20000000000132,332.6628805855531
170.00000000000134,393.9219258831131
170.80000000000135,382.47107205352523
171.60000000000136,313.45441526169486
172.40000000000137,261.7126894512748
173.20000000000138,263.94678540061835
174.0000000000014,318.9440009988237
174.8000000000014,386.2088106166164
175.60000000000142,391.400105307601
176.40000000000143,328.147584490447
177.20000000000144,269.05154475495823
178.00000000000145,260.27274993819793
178.80000000000146,306.55724379169425
179.60000000000147,376.47964177731455
180.40000000000148,397.1546487323295
181.2000000000015,342.39962109273444
182.0000000000015,277.9154948232452
182.80000000000152,258.75879144840883
183.60000000000153,295.7831083601057
184.40000000000154,365.53984904465216
185.20000000000155,399.80410782975946
186.00000000000156,355.69608727717304
186.80000000000157,287.94812495241587
187.6000000000016,259.1903316749812
188.4000000000016,286.7505731414566
189.2000000000016,354.09035409237123
190.00000000000162,399.60621051123496
190.80000000000163,367.6082707129841
191.60000000000164,298.7906902963035
192.40000000000165,261.3415178199127
193.20000000000167,279.4796413197786
194.00000000000168,342.6978603773822
194.8000000000017,396.9514443690827
195.6000000000017,377.81492712779954
196.4000000000017,310.0899078351381
197.20000000000172,264.98277053451187
198.00000000000173,273.9164001784296
198.80000000000175,331.78989435044974
199.60000000000176,392.30441748169136
200.40000000000177,386.11349950486607
201.20000000000178,321.5078526190008
202.0000000000018,269.8850918768614
202.8000000000018,269.9597142523026
203.6000000000018,321.66579445377323
204.40000000000182,386.1512517780778
205.20000000000184,392.41982966490787
206.00000000000185,332.7328100176212
206.80000000000186,275.82290855465175
207.60000000000187,267.48039433278495
208.40000000000188,312.51590853940536
209.2000000000019,378.95845717731925
210.0000000000019,396.7574992624414
210.80000000000192,343.48967794898846
211.60000000000193,282.57651708167054
212.40000000000194,266.33435170005
213.20000000000195,304.44335482741263
214.00000000000196,371.1451183891822
214.80000000000197,399.2394896087274
215.60000000000198,353.5485752890312
216.400000000002,289.934654123529
217.200000000002,266.37131538823803
218.00000000000202,297.4848436607452
218.80000000000203,363.06752268744765
219.60000000000204,400.04557480506026
220.40000000000205,362.7306305238597
221.20000000000206,297.6973288636112
222.00000000000207,267.4404768585645
222.8000000000021,291.62877248978594
223.6000000000021,355.0138305254285
224.4000000000021,399.3987849309943
225.20000000000212,370.91039729131785
226.00000000000213,305.6788056953511
226.80000000000214,269.3941203011964
227.60000000000215,286.8299765823636
228.40000000000217,347.2058863172015
229.20000000000218,397.5436218360655
230.0000000000022,378.0148548220082
230.8000000000022,313.71049326123705
231.6000000000022,272.0899954059979
232.40000000000222,283.0212089319421
233.20000000000223,339.80544777723895
234.00000000000225,394.72778191080715
234.80000000000226,384.0193974837424
235.60000000000227,321.64345703567716
236.40000000000228,275.39293476900144
237.2000000000023,280.1217635456864
238.0000000000023,332.9226402583823
238.8000000000023,391.1882072665133
239.60000000000232,388.94152826930724
240.40000000000234,329.35030336123015
241.20000000000235,279.1760222278735
242.00000000000236,278.0437731784267
242.80000000000237,326.6250651390241
243.60000000000238,387.1415254782507
244.4000000000024,392.8331185709344
245.2000000000024,336.7262584477155
246.00000000000242,283.3214789042673
246.80000000000243,276.696703513649
247.60000000000244,320.94655916171047
248.40000000000245,382.77842300712655
249.20000000000246,395.772092420901
250.00000000000247,343.6893623185991
250.80000000000248,287.7213418650879
251.6000000000025,275.9904968476598
252.4000000000025,315.8950494667233
253.20000000000252,378.26122416831424
254.00000000000253,397.85427555315044
254.80000000000254,350.17979469588033
255.60000000000255,292.2779563165994
256.40000000000254,275.8377299810716
257.2000000000025,311.45926619355663
258.00000000000244,373.72386695204324
258.8000000000024,399.1859665700244
259.60000000000235,356.1584318692164
260.4000000000023,296.90427618364146
261.20000000000226,276.1550647252267
262.0000000000022,307.6142776200279
262.80000000000217,369.27351519728995
263.6000000000021,399.87758491702647
264.4000000000021,361.6047913431748
265.20000000000203,301.5239609623
266.000000000002,276.86419521693216
266.80000000000194,304.3259289284979
267.6000000000019,364.9931646804254
268.40000000000185,400.03856301299675
269.2000000000018,366.51455147850805
270.00000000000176,306.0712616355421
270.8000000000017,277.8924372319744
271.60000000000167,301.5543212653209
272.4000000000016,360.94474374570746
273.2000000000016,399.77349847739174
274.00000000000153,370.89683830510364
274.8000000000015,310.49069942165005
275.60000000000144,279.1730605287525
276.4000000000014,299.2564851456724
277.20000000000135,357.1723484883167
278.0000000000013,399.1794749312804
278.80000000000126,374.77145611071035
279.6000000000012,314.73655345936186
280.40000000000117,280.64543348051876
281.2000000000011,297.38839717681077
282.0000000000011,353.70537242599147
282.80000000000103,398.344394940316
283.600000000001,378.16620940319194
284.40000000000094,318.77218489057464
285.2000000000009,282.2550278764238
286.00000000000085,295.90647328568826
286.8000000000008,350.5613857406646
287.60000000000076,397.3461393158502
288.4000000000007,381.1144277519106
289.20000000000067,322.56923280477224
290.0000000000006,283.9533174591934
290.8000000000006,294.7686512558483
291.60000000000053,347.7486892158726
292.4000000000005,396.2523639922615
293.20000000000044,383.6527679069126
294.0000000000004,326.1067220650051
294.80000000000035,285.6975950934686
295.6000000000003,293.9351551974989
296.40000000000026,345.2685166548263
297.2000000000002,395.1207599521041
298.00000000000017,385.8193334303132
298.8000000000001,329.37012374428593
299.6000000000001,287.4507280124132
300.40000000000003,293.36901601290725
301.2,343.11689086731286
301.99999999999994,393.999625436457
302.7999999999999,387.65212358773755
303.59999999999985,332.3504066625692
304.3999999999998,289.18086741630316
305.19999999999976,293.03640615329425
305.9999999999997,341.28615678064943
306.79999999999967,392.9286271375976
307.5999999999996,389.18780146422534
308.3999999999996,335.043113913365
309.19999999999953,290.8611266881384
309.9999999999995,292.906834055259
310.79999999999944,339.7662246690614
311.5999999999994,391.93965432029376
312.39999999999935,390.46075624420956
313.1999999999993,337.4474923152738
313.99999999999926,292.46924099760736
314.7999999999992,292.9532332687351
315.59999999999917,338.5455598220197
316.3999999999991,391.0576944936545
317.1999999999991,391.502425627046
317.99999999999903,339.56569615212527
318.799999999999,293.987219756989
319.59999999999894,293.15197320708006
320.3999999999989,337.61195457826324
321.19999999999885,390.3016802698192
321.9999999999988,392.34084033491274
322.79999999999876,341.402080074567
323.5999999999987,295.4010020617855
324.39999999999867,293.4828121462419
325.1999999999986,336.95311603514796
325.9999999999986,389.6852740580535
326.79999999999853,393.000352440044
327.5999999999985,342.9625900585715
328.39999999999844,296.70012373015425
329.1999999999984,293.92880820148974
329.99999999999835,336.5570990606341
330.7999999999983,389.21757048804045
331.59999999999826,393.5015116104355
332.3999999999982,344.25425617782645
333.19999999999817,297.87740298175277
333.9999999999981,294.47620022171697
334.7999999999981,336.41261014669516
335.59999999999803,388.903706369628
336.399999999998,393.8610574115837
337.19999999999794,345.2847868079618
337.9999999999979,298.92865016122494
338.79999999999785,295.1142675959566
339.5999999999978,336.5092036516037
340.39999999999776,388.7453752186852
341.1999999999977,394.0920006277154
341.99999999999767,346.06226056721033
342.7999999999976,299.85240513226734
343.5999999999976,295.83517551715136
344.39999999999753,336.83738813481085
345.1999999999975,388.7412483813243
345.99999999999744,394.2037717345414
346.7999999999974,346.59491010491905
347.59999999999735,300.6497044990238
348.3999999999973,296.6338104585978
349.19999999999726,337.3886572273618
349.9999999999972,388.88730825275087
350.79999999999717,394.2024195826886
351.5999999999971,346.8909901554879
352.3999999999971,301.32387916418435
353.19999999999703,297.5076089490356
353.999999999997,338.1554564855426
354.79999999999694,389.17710131277124
355.5999999999969,394.09084793564824
356.39999999999685,346.9587214152681
357.1999999999968,301.88038150471345
357.99999999999676,298.45638149782604
358.7999999999967,339.13109523417353
359.59999999999667,389.60192018371447
360.3999999999966,393.86908145608237
361.1999999999966,346.8063012199694
361.99999999999653,302.32664020726287
362.7999999999965,299.4821323777962
363.59999999999644,340.3096103363588
364.3999999999964,390.15092486188894
365.19999999999635,393.5345560697548
365.9999999999963,346.4419718160974
366.79999999999626,302.6719398542752
367.5999999999962,300.5888750309802
368.39999999999617,341.68558718331474
369.1999999999961,390.81121395638706
369.9999999999961,393.0824312636601
370.79999999999603,345.874137026028
371.599999999996,302.9273216303497
372.39999999999594,301.78244208450275
373.1999999999959,343.2539419232736
373.99999999999585,391.567857308721
374.7999999999958,392.50592382622455
375.59999999999576,345.1115181607729
376.3999999999957,303.1055008653516
377.19999999999567,303.0702881667376
377.9999999999956,345.00966799965795
378.7999999999956,392.40390187124586
379.59999999999553,391.7966638235196
380.3999999999955,344.16334018196807
381.19999999999544,303.2207967865631
381.9999999999954,304.4612831737763
382.79999999999535,346.947549572714
383.5999999999953,393.3003632924182
384.39999999999526,390.94507423850206
385.1999999999952,343.03953925792285
385.99999999999517,303.2890696195582
386.7999999999951,305.9654930428641
387.5999999999951,349.06184415251613
388.39999999999503,394.2362162134489
389.199999999995,389.9407757310781
389.99999999999494,341.75098293798743
390.7999999999949,303.3276599771074
391.59999999999485,307.5939445655356
392.3999999999948,351.34593695855625
393.19999999999476,395.18839690066045
393.9999999999947,388.77301742451516
394.79999999999467,340.3096943625188
395.5999999999946,303.35532559093804
396.3999999999946,309.35837043561025
397.19999999999453,353.7919701276311
397.9999999999945,396.13183238385
398.79999999999444,387.4311335458324
399.5999999999944,338.72907205529447
400.39999999999435,303.3921704078549
401.1999999999943,311.27093029485246
401.99999999999426,356.3904508846766
402.7999999999942,397.0395106934363
403.59999999999417,385.9050241816543
404.3999999999941,337.02409709252265
405.1999999999941,303.4595612585467
405.99999999999403,313.34390334718165
406.799999999994,359.1298442744679
407.59999999999394,397.8826069219657
408.3999999999939,384.1856564726534
409.19999999999385,335.2115197799152
409.9999999999938,303.58002736730447
410.79999999999376,315.58934790623044
411.5999999999937,361.99615801491836
412.39999999999367,398.63067956643687
413.1999999999936,382.26558030159543
413.9999999999936,333.31001842809206
414.79999999999353,303.77713811067053
415.5999999999935,318.0187233307323
416.39999999999344,364.97252949996
417.1999999999934,399.25195070780853
417.99999999999335,380.13945014945847
418.7999999999933,331.340323475194
419.59999999999326,304.0753544295353
420.3999999999932,320.6424699883344
421.19999999999317,368.0388278902375
421.9999999999931,399.713681916735
422.7999999999931,377.80454237376796
423.59999999999303,329.32530097965025
424.399999999993,304.499849251089
425.19999999999294,323.4695435096511
425.9999999999929,371.1712875992157
426.79999999999285,399.9826551425108
427.5999999999928,375.26125496620364
428.39999999999276,327.28999050269056
429.1999999999927,305.07629211295944
429.99999999999267,326.5069005931903
430.7999999999926,374.3421931274691
431.5999999999926,400.0257641122926
432.39999999999253,372.5135749834359
433.1999999999925,325.2615933866001
433.99999999999244,305.8305928049422
434.7999999999924,329.758935153738
435.59999999999235,377.51963889778307
436.3999999999923,399.8107168577886
437.19999999999226,369.5694976629215
437.9999999999922,323.26940865151107
438.79999999999217,306.78859847333524
439.5999999999921,333.2268659474093
440.3999999999921,380.66739129653325
441.19999999999203,399.30684393318325
441.999999999992,366.44138076487235
442.79999999999194,321.3447147554253
443.5999999999919,307.9757380400378
444.39999999999185,336.90807997517015
445.1999999999918,383.7448830560428
445.99999999999176,398.48599981482755
446.7999999999917,363.1462181633335
447.59999999999167,319.5205964320028
448.3999999999916,309.4166072456562
449.1999999999916,340.795440232972
449.99999999999153,386.7073719229405
450.7999999999915,397.323537185727
451.59999999999144,359.70581823698575
452.3999999999914,317.8317165272409
453.19999999999135,311.1344870753788
453.9999999999913,344.87657177768824
454.79999999999126,389.50629565798585
455.5999999999912,395.79932576775565
456.39999999999117,356.1468751286707
457.1999999999911,316.3140330758366
457.9999999999911,313.15078809033827
458.79999999999103,349.1331468788506
459.599999999991,392.08985321285775
460.39999999999094,393.8987796643698
461.1999999999909,352.5009243842428
461.99999999999085,315.0044617257034
462.7999999999908,315.4844133196262
463.59999999999076,353.5401979143514
464.3999999999907,394.4038366221284
465.19999999999067,391.6138505974109
465.9999999999906,348.8041787015775
466.7999999999906,313.9404829747947
467.59999999999053,318.15103330412916
468.3999999999905,358.06549575730173
469.19999999999044,396.3927293982921
469.9999999999904,388.94393969350836
470.79999999999035,345.0972440036296
471.5999999999903,313.15969229836475
472.39999999999026,321.1622687671053
473.1999999999902,362.66904095941715
473.99999999999017,398.0010745001114
474.7999999999901,385.8966784803134
475.5999999999901,341.42472078291314
476.39999999999003,312.6992895863095
477.19999999999,324.5247800316956
477.99999999998994,367.30272470053075
478.7999999999899,399.17509846999167
479.59999999998985,382.4885309885191
480.3999999999898,337.8346996971221
481.19999999998976,312.59550184410233
481.9999999999897,328.2392675857558
482.79999999998967,371.9102247485034
483.5999999999896,399.8645584681184
484.3999999999896,378.74517389454076
485.19999999998953,334.3781637989248
485.9999999999895,312.8829306657519
486.79999999998944,332.2993962092755
487.5999999999894,376.42720760344105
488.39999999998935,400.0247569455984
489.1999999999893,374.70162032587973
489.99999999998926,331.108311677174
490.7999999999892,313.5938133546626
491.59999999998917,336.6906657114856
492.3999999999891,380.7819094417135
493.1999999999891,399.6186462272884
493.99999999998903,370.40206507197615
494.799999999989,328.07981615056894
495.59999999998894,314.7571845199848
496.3999999999889,341.38926517064925
497.19999999998885,384.89616376704475
497.9999999999888,398.61892472768477
498.79999999998876,365.89944355095474
499.5999999999887,325.3480316132868
500.39999999998867,316.39792388105445
501.1999999999886,346.3609643962372
501.9999999999886,388.6869307642542
502.79999999998853,397.01001055535966
503.5999999999885,361.2547127873192
504.39999999998844,322.96815964505646
505.1999999999884,318.5356766566943
505.99999999998835,351.56011569183397
506.7999999999883,392.06836074193
507.59999999998826,394.78976963628276
508.3999999999882,356.5358782994634
509.19999999998817,320.9943772380476
509.9999999999881,321.183636174758
510.7999999999881,356.92885976101144
511.59999999998803,394.95439102631
512.399999999988,391.97087660312195
513.199999999988,351.81680466498943
513.999999999988,319.4789253635899
514.7999999999879,324.3471852106088
515.5999999999879,362.39664979054743
516.3999999999878,397.2618328446095
517.1999999999878,388.58169901532705
517.9999999999877,347.17585776206636
518.7999999999877,318.4711478586758
519.5999999999876,328.0224038939519
520.3999999999876,367.88022430276845
521.1999999999875,398.91385429668964
521.9999999999875,384.66661932679233
522.7999999999874,342.6944324380933
523.5999999999874,318.01646302086215
524.3999999999874,332.19446915480864
525.1999999999873,373.2841687278917
525.9999999999873,399.8437119311489
526.7999999999872,380.28574294166043
527.5999999999872,338.4554193222291
528.3999999999871,318.1552432629321
529.1999999999871,336.8359938141053
529.999999999987,378.50220283862956
530.799999999987,399.99853265757025
531.599999999987,375.51398191908123
532.3999999999869,334.5416588863655
533.1999999999869,318.92157347892294
533.9999999999868,341.90538321250773
534.7999999999868,383.4193118093682
535.5999999999867,399.3429073958847
536.3999999999867,370.439547975997
537.1999999999866,331.0344196472984
537.9999999999866,320.3418573652421
538.7999999999865,347.34532242899076
539.5999999999865,387.9147982889118
540.3999999999864,397.8620356644794
541.1999999999864,365.1619304475389
541.9999999999864,328.0119218184574
542.7999999999863,322.4332448787376
543.5999999999863,353.08154597129817
544.3999999999862,391.8662695355768
545.1999999999862,395.5641629556609
545.9999999999861,359.7894695717091
546.7999999999861,325.5479090792812
547.599999999986,325.20186489685705
548.399999999986,359.0220799807622
549.199999999986,395.15448808232554
549.9999999999859,392.4820841727328
550.7999999999859,354.4366584980525
551.5999999999858,323.7102512799782
552.3999999999858,328.6408669490872
553.1999999999857,365.0571786716449
553.9999999999857,397.668912126054
554.7999999999856,388.67354651980804
555.5999999999856,349.22131583977045
556.3999999999855,322.55954210282033
557.1999999999855,332.7283062782595
557.9999999999854,371.0601936336596
558.7999999999854,399.31364315240154
559.5999999999854,384.2204691806256
560.3999999999853,344.26176327655054
561.1999999999853,322.14764015422423
561.9999999999852,337.4249484214429
562.7999999999852,376.8896071337504
563.5999999999851,400.01339836001205
564.3999999999851,379.2269954629933
565.199999999985,339.67412062004485
565.999999999985,322.5160923422094
566.799999999985,342.67212285125527
567.5999999999849,382.39241895548463
568.3999999999849,399.71905218963377
569.1999999999848,373.81649310677
569.9999999999848,335.5697966587231
570.7999999999847,323.6943773734053
571.5999999999847,348.38981757931856
572.3999999999846,387.40899274310317
573.1999999999846,398.4122623625386
573.9999999999845,368.1277063521394
574.7999999999845,332.05321213292905
575.5999999999844,325.69791773865006
576.3999999999844,354.4752728507187
577.1999999999844,391.7793397503607
577.9999999999843,396.10872468639803
578.7999999999843,362.3103265992727
579.5999999999842,329.21974619528527
580.3999999999842,328.5258334097521
581.1999999999841,360.80239285209063
581.9999999999841,395.3506505409462
582.799999999984,392.85969238499945
583.599999999984,356.52027838575106
584.399999999984,327.153855009369
585.1999999999839,332.15845260961794
585.9999999999839,367.2223368115559
586.7999999999838,397.98569455565837
587.5999999999838,388.7515435196227
588.3999999999837,350.9150103718776
589.1999999999837,325.9272755604228
589.9999999999836,336.5546558770905
590.7999999999836,373.5656578281696
591.5999999999835,399.5715199392419
592.3999999999835,383.9033662211061
593.1999999999834,345.6490393954668
593.9999999999834,325.59720429400613
594.7999999999834,341.64920968559215
595.5999999999833,379.6463115408534
596.3999999999833,400.02773638767405
597.1999999999832,378.4627287876296
597.9999999999832,340.8699264480633
598.7999999999831,326.2043329015763
599.5999999999831,347.35034138888886
600.399999999983,385.2677412708709
601.199999999983,399.3135883511027
601.999999999983,372.59997919669865
602.7999999999829,336.71477735697573
603.5999999999829,327.7706368907474
604.3999999999828,353.5379105753855
605.1999999999828,390.2310543664984
605.9999999999827,397.43305418078563
606.7999999999827,366.5015478305226
607.5999999999826,333.30727007107174
608.3999999999826,330.29685018843816
609.1999999999825,360.0626282721312
609.9999999999825,394.3450428862739
610.7999999999824,394.43735165938574
611.5999999999824,360.36278838496605
612.3999999999824,330.7551263618115
613.1999999999823,333.75962424841026
613.9999999999823,366.7468432773082
614.7999999999822,397.43749678474165
615.5999999999822,390.4244814891981
616.3999999999821,354.38087820583485
617.1999999999821,329.1478790282398
617.999999999982,338.10846491147316
618.799999999982,373.38742652786044
619.599999999982,399.36695620774344
620.3999999999819,385.53576288059907
621.1999999999819,348.74821682152896
621.9999999999818,328.5547442752535
622.7999999999818,343.2626632918696
623.5999999999817,379.76120984642296
624.3999999999817,400.0338131965616
625.1999999999816,379.9496557154517
625.9999999999816,343.6466278480543
626.7999999999815,329.0223994239732
627.5999999999815,349.10858154740146
628.3999999999814,385.6332497437376
629.1999999999814,399.3895665241782
629.9999999999814,373.8734613724701
630.7999999999813,339.2425088421861
631.5999999999813,330.572493579705
632.3999999999812,355.49780601629203
633.1999999999812,390.7678810476677
633.9999999999811,397.4431058487056
634.7999999999811,367.5336961855796
635.599999999981,335.682911521927
636.399999999981,333.19878700506587
637.199999999981,362.24681311886843
637.9999999999809,394.94211602891676
638.7999999999809,394.263168723406
639.5999999999808,361.1660052216384
640.3999999999808,333.0923941427487
641.1999999999807,336.86392650161673
641.9999999999807,369.1388714891905
642.7999999999806,397.960484336049
643.5999999999806,389.9765474135436
644.3999999999805,355.0054240874131
645.1999999999805,331.57038626360753
645.9999999999804,341.496018406629
646.7999999999804,375.92888212538463
647.5999999999804,399.66998241007866
648.3999999999803,384.76214939001596
649.1999999999803,349.2776239648753
649.9999999999802,331.1887558139791
650.7999999999802,346.98535185324636
651.5999999999801,382.3516928194436
652.3999999999801,399.9735131745506
653.19999999998,378.8415350975552
653.99999999998,344.1915297917666
654.79999999998,331.9892763526918
655.5999999999799,353.1818366163226
656.3999999999799,388.13408418168615
657.1999999999798,398.84014582948106
657.9999999999798,372.4669663125983
658.7999999999797,339.9334317224913
659.5999999999797,333.9807628330012
660.3999999999796,359.8939224372434
661.1999999999796,393.0101159107051
661.9999999999795,396.3107699062131
662.7999999999795,365.9082206064486
663.5999999999794,336.6624610115598
664.3999999999794,337.1357782416148
665.1999999999794,366.8899135857464
665.9999999999793,396.7388967415698
666.7999999999793,392.4982479586076
667.5999999999792,359.43942992331534
668.3999999999792,334.5071093042146
669.1999999999791,341.38700946396256
669.9999999999791,373.902622714973
670.799999999979,399.12320857355985
671.599999999979,387.5819007405987
672.399999999979,353.327001952744
673.1999999999789,333.56235798134577
673.9999999999789,346.62366025405726
674.7999999999788,380.63815599581386
675.5999999999788,400.0269256214276
676.3999999999787,381.796940160549
677.1999999999787,347.8193405681431
677.9999999999786,333.8869637298719
678.7999999999786,352.6884925125159
679.5999999999785,386.7892358800165
680.3999999999785,399.38898012048963
681.1999999999784,375.42013052402143
681.9999999999784,343.1386756702768
682.7999999999784,335.5005210877893
683.5999999999783,359.37642613277177
684.3999999999783,392.05283881196374
685.1999999999782,397.23184809349743
685.9999999999782,368.7533678856926
686.7999999999781,339.47492332602025
687.5999999999781,338.3800909259825
688.399999999978,366.43582235016953
689.199999999978,396.1511119446139
689.999999999978,393.6631770104659
690.7999999999779,362.10694899430626
691.5999999999779,336.981187681968
692.3999999999778,342.4564388510254
693.1999999999778,373.5736439438044
693.9999999999777,398.8536765690046
694.7999999999777,388.8701464771294
695.5999999999776,355.78406746483677
696.3999999999776,335.7703273856239
697.1999999999775,347.61025521234166
697.9999999999775,380.46551741248095
698.7999999999774,399.998735790793
699.5999999999774,383.1072358609819
700.3999999999774,350.06760915749635
701.1999999999773,335.91195952171734
701.9999999999773,353.6690999459086
702.7999999999772,386.77124474508224
703.5999999999772,399.51010640043637
704.3999999999771,376.6790183816304
705.1999999999771,345.2097445315184
705.999999999977,337.42936520028536
706.799999999977,360.4061786984205
707.599999999977,392.15550949835745
708.3999999999769,397.40755567184385
709.1999999999769,369.9201948656358
709.9999999999768,341.4242589592031
710.7999999999768,340.2959848512255
711.5999999999767,367.54232961736767
712.3999999999767,396.3124736517308
713.1999999999766,393.8086711434656
713.9999999999766,363.1752093496836
714.7999999999765,338.88112259508506
715.5999999999765,344.43153237793604
716.3999999999764,374.7526732238676
717.1999999999764,398.9918641088174
717.9999999999764,388.9217772888561
718.7999999999763,356.77946908456727
719.5999999999763,337.7025402335279
720.3999999999762,349.69818960811904
721.1999999999762,381.6791320826975
721.9999999999761,400.02328966265753
722.7999999999761,383.0308408163904
723.599999999976,351.04354910323775
724.399999999976,337.95966217232495
725.199999999976,355.8978203154847
725.9999999999759,387.94937341675086
726.7999999999759,399.33521635755227
727.5999999999758,376.47452244092574
728.3999999999758,346.2409799401149
729.1999999999757,339.66927589082127
729.9999999999757,362.77159007938565
730.7999999999756,393.20166241222023
731.5999999999756,396.96546935464056
732.3999999999755,369.6222456634709
733.1999999999755,342.5994790838811
733.9999999999754,342.79011560194317
734.7999999999754,370.00367915394037
735.5999999999754,397.1137698675705
736.3999999999753,393.0613261175042
737.1999999999753,362.85022739132575
737.9999999999752,340.2949305312867
738.7999999999752,347.21889161441027
739.5999999999751,377.2307837301944
740.3999999999751,399.43274398984113
741.199999999975,387.8689762342242
741.999999999975,356.5199032597316
742.799999999975,339.44711903659356
743.5999999999749,352.7867077813643
744.3999999999749,384.05866924500816
745.1999999999748,400.0014289834008
745.9999999999748,381.71391745934073
746.7999999999747,350.96028182657244
747.5999999999747,340.11620701925614
748.3999999999746,359.25712910288763
749.1999999999746,390.0860796167689
749.9999999999745,398.7774745156887
750.7999999999745,374.97526393237524
751.5999999999744,346.4547400567146
752.3999999999744,342.2991852035251
753.1999999999744,366.3276670094112
753.9999999999743,394.9348657607616
754.7999999999743,395.8414350833956
755.5999999999742,368.05761618453977
756.3999999999742,343.2318701989215
757.1999999999741,345.92599357923956
757.9999999999741,373.6367040542699
758.799999999974,398.2835173347466
759.599999999974,391.39230689067847
760.3999999999739,361.36397915951653
761.1999999999739,341.4593716868108
761.9999999999739,350.85564202821354
762.7999999999738,380.77769286264146
763.5999999999738,399.8997966398625
764.3999999999737,385.73107363603236
765.1999999999737,355.2723605835185
765.9999999999736,341.239726943529
766.7999999999736,356.8733810204535
767.5999999999735,387.321674880589
768.3999999999735,399.66740323009367
769.1999999999734,379.23492434282565
769.9999999999734,350.11745126789987
770.7999999999734,342.6065086959358
771.5999999999733,363.6906621544301
772.3999999999733,392.847730165041
773.1999999999732,397.6019558427088
773.9999999999732,372.32619479542325
774.7999999999731,346.1775356867493
775.5999999999731,345.5205947705135
776.399999999973,370.95011120960595
777.199999999973,396.9790614851256
777.9999999999729,393.8531621304644
778.7999999999729,365.44044569175605
779.5999999999729,343.6657920658262
780.3999999999728,349.8662442773437
781.1999999999728,378.23778965773835
781.9999999999727,399.42046394641864
782.7999999999727,388.69252699483724
783.5999999999726,358.9974464815123
784.3999999999726,342.7245813594383
785.1999999999725,355.4478235962947
785.9999999999725,385.10442153628594
786.7999999999724,399.99155457553485
787.5999999999724,382.48864639763264
788.3999999999724,353.3774989085775
789.1999999999723,343.4212399496722
789.9999999999723,361.9888301388068
790.7999999999722,391.095885237152
791.5999999999722,398.6499406655418
792.3999999999721,375.67426394399
793.1999999999721,348.90396257433025
793.999999999972,345.744243167236
794.799999999972,369.1355562789377
795.5999999999719,395.79120908654454
796.3999999999719,395.49980524944283
797.1999999999719,368.7102576351149
797.9999999999718,345.83146110896934
798.7999999999718,349.59931012481707
799.5999999999717,376.46801193357805
800.3999999999717,398.84397169202384
801.1999999999716,390.78399127247224
801.9999999999716,362.0514139839004
802.7999999999715,344.3383359278094
803.5999999999715,354.8059595096851
804.3999999999714,383.520305367635
805.1999999999714,400.02108395917116
805.9999999999714,384.8608710521714
806.7999999999713,356.11750335865423
807.5999999999713,344.521590886254
808.3999999999712,361.0960483060392
809.1999999999712,389.8113678940517
809.9999999999711,399.23219571345
810.7999999999711,378.17013111080274
811.599999999971,351.27132659440144
812.399999999971,346.3928167242193
813.1999999999709,368.1167176622362
813.9999999999709,394.8847235678709
814.7999999999709,396.54395338580053
815.5999999999708,371.19325203888866
816.3999999999708,347.80362706706705
817.1999999999707,349.87429940950045
817.9999999999707,375.4406458432278
818.7999999999706,398.3533315423421
819.5999999999706,392.1759994471458
820.3999999999705,364.4145464091647
821.1999999999705,345.9234781863586
821.9999999999704,354.7955576931261
822.7999999999704,382.5862392145743
823.5999999999704,399.9431197157877
824.3999999999703,386.4792526153543
825.1999999999703,358.28732205102835
825.9999999999702,345.7521702539156
826.7999999999702,360.89173869512007
827.5999999999701,389.04911286806424
828.3999999999701,399.5276165460928
829.19999999997,379.90051550409544
829.99999999997,353.20765631086215
830.7999999999699,347.3187460573777
831.5999999999699,367.80637956792833
832.3999999999699,394.3438896251057
833.1999999999698,397.14679987406146
833.9999999999698,372.93973876352936
834.7999999999697,349.4961120165105
835.5999999999697,350.5560606512298
836.3999999999696,375.1016908087927
837.1999999999696,398.0523514064778
837.9999999999695,393.00602481711013
838.7999999999695,366.1067375596308
839.5999999999694,347.38607182615823
840.3999999999694,355.2973905403076
841.1999999999694,382.27935107589065
841.9999999999693,399.87113600441154
842.7999999999693,387.4549704997923
843.5999999999692,359.88290644837343
844.3999999999692,347.0165228145457
845.1999999999691,361.27496590546707
845.9999999999691,388.8134998131228
846.799999999969,399.65057265342364
847.599999999969,380.95067166522244
848.3999999999689,354.69116325009696
849.1999999999689,348.4271392443657
849.9999999999688,368.12305557604884
850.7999999999688,394.1951010512297
851.5999999999688,397.41679884968374
852.3999999999687,374.0115471247701
853.1999999999687,350.8748304632489
853.9999999999686,351.5542657956841
854.7999999999686,375.3890187578605
855.5999999999685,397.9835186768132
856.3999999999685,393.37221636988767
857.1999999999684,367.17011002216645
857.9999999999684,348.684161090416
858.7999999999683,356.2276795836488
859.5999999999683,382.55561018398157
860.3999999999683,399.85791589216313
861.1999999999682,387.8738915239531
861.9999999999682,360.9307768439074
862.7999999999681,348.2681447311655
863.5999999999681,362.1695313835832
864.399999999968,389.07641091266913
865.199999999968,399.6592219735637
865.9999999999679,381.3942128017046
866.7999999999679,355.7366098563004
867.5999999999678,349.6691753460685
868.3999999999678,368.9982857700302
869.1999999999678,394.42347060805474
869.9999999999677,397.41396270192996
870.7999999999677,374.47142136974514
871.5999999999676,351.9459446924447
872.3999999999676,352.8189832728412
873.1999999999675,376.2413529940325
873.9999999999675,398.14253815484966
874.7999999999674,393.3344976750492
875.5999999999674,367.65856868392126
876.3999999999673,349.8175466659163
877.1999999999673,357.5356665466186
877.9999999999673,383.3599286931217
878.7999999999672,399.9076943936888
879.5999999999672,387.79530547343103
880.3999999999671,361.4780462083325
881.1999999999671,349.50170467574816
881.999999999967,363.5233626507381
882.799999999967,389.78791601102023
883.5999999999669,399.56521757545613
884.3999999999669,381.29020703702275
885.1999999999668,356.3859181399219
885.9999999999668,351.03461477188097
886.7999999999668,370.37766143104517
887.5999999999667,394.98363714340996
888.3999999999667,397.15729642666156
889.1999999999666,374.37902388687775
889.9999999999666,352.74705043624397
890.7999999999665,354.3343532385036
891.5999999999665,377.6007525748108
892.3999999999664,398.48891496305606
893.1999999999664,392.91999523132523
893.9999999999663,367.6330705202599
894.7999999999663,350.8194790568902
895.5999999999663,359.19836726089545
896.3999999999662,384.62995654491505
897.1999999999662,399.9862869323773
897.9999999999661,387.2556206746176
898.7999999999661,361.587159376098
899.599999999966,350.7451563487761
900.399999999966,365.30430757538136
901.1999999999659,390.881272811196
901.9999999999659,399.34323133606966
902.7999999999658,380.68535864897615
903.5999999999658,356.70246984139555
904.3999999999658,352.54425145959846
905.1999999999657,372.2176855108703
905.9999999999657,395.8059092442409
906.7999999999656,396.63359045452654
907.5999999999656,373.7917453570419
908.3999999999655,353.34106171217087
909.1999999999655,356.11133181673864
909.9999999999654,379.4106473908965
910.7999999999654,398.9531927309665
911.5999999999653,392.1309497729195
912.3999999999653,367.16114312972996
913.1999999999653,351.75011716846393
913.9999999999652,361.2136182978794
914.7999999999652,386.2954900153677
915.5999999999651,400.029328692242
916.3999999999651,386.2751981460028
917.199999999965,361.3341607553327
917.999999999965,352.05274961281015
918.7999999999649,367.4935847560953
919.5999999999649,392.27397799612703
920.3999999999648,398.93999185674
921.1999999999648,379.6195386212338
921.9999999999648,356.7681481301617
922.7999999999647,354.2424681788192
923.5999999999647,374.4798549885748
924.3999999999646,396.799236810339
925.1999999999646,395.8069031330866
925.9999999999645,372.7687116141313
926.7999999999645,353.8120481231854
927.5999999999644,358.17982597623904
928.3999999999644,381.6109312216437
929.1999999999643,399.4420322063942
929.9999999999643,390.9541431880017
930.7999999999643,366.3191935428069
931.5999999999642,352.6911846766324
932.3999999999642,363.59191484673187
933.1999999999641,388.2750931481234
933.9999999999641,399.9494424597243
934.799999999964,384.86713407429187
935.599999999964,360.8091999227623
936.3999999999639,353.4985382265496
937.1999999999639,370.07759039090394
937.9999999999638,393.8665053312242
938.7999999999638,398.28323607195034
939.5999999999638,378.1333351220978
940.3999999999637,356.68200448620433
941.1999999999637,356.18965724467506
941.9999999999636,377.1228941958941
942.7999999999636,397.85259429418414
943.5999999999635,394.628690609601
944.3999999999635,371.3766049890538
945.1999999999634,354.262080544811
945.9999999999634,360.5801608728115
946.7999999999633,384.1312857091845
947.5999999999633,399.842540309874
948.3999999999633,389.37137550463297
949.1999999999632,365.1962511049555
949.9999999999632,353.7410464086495
950.7999999999631,366.34719499416553
951.5999999999631,390.4713322451137
952.399999999963,399.6434352357226
953.199999999963,383.0471670153613
953.9999999999629,360.1180063605007
954.7999999999629,355.1697703935253
955.5999999999628,373.0384782918292
956.3999999999628,395.5402893750106
957.1999999999628,397.2912463863841
957.9999999999627,376.27654452922945
958.7999999999627,356.5594082797505
959.5999999999626,358.45406802101803
960.3999999999626,380.0938658186768
961.1999999999625,398.83636258509426
961.9999999999625,393.04876101723124
962.7999999999624,369.6960829010878
963.5999999999624,354.8080875810803
964.3999999999623,363.3536491722009
965.1999999999623,386.88379534028
965.9999999999623,400.0272865569741
966.7999999999622,387.37068191880473
967.5999999999622,363.8978985336449
968.3999999999621,355.009360060852
969.1999999999621,369.486604386513
969.999999999962,392.7659838566483
970.799999999962,399.00062229333986
971.5999999999619,380.84399369439467
972.3999999999619,359.38314126336263
973.1999999999618,357.15948280220584
973.9999999999618,376.34388070307017
974.7999999999618,397.15650273231324
975.5999999999617,395.88358817425643
976.3999999999617,374.11660955728894
977.1999999999616,356.53059114136687
977.9999999999616,361.10259879463075
978.7999999999615,383.3189162326979
979.5999999999615,399.60525353028646
980.3999999999614,391.0271251657584
981.1999999999614,367.8276629385688
981.9999999999613,355.57776473430107
982.7999999999613,366.5320363636277
983.5999999999613,389.7560017747135
984.3999999999612,399.8613136607307
985.1999999999612,384.95786237294345
985.9999999999611,362.5492415683179
986.7999999999611,356.61049358523456
987.599999999961,372.9993544670701
988.399999999961,395.0166688193924
989.1999999999609,397.913137834096
989.9999999999609,378.3091900926361
990.7999999999608,358.7439379344113
991.5999999999608,359.557668871866
992.3999999999608,379.936303443748
993.1999999999607,398.55719217571715
993.9999999999607,393.9933378515177
994.7999999999606,371.74598480161484
995.5999999999606,356.73760201491086
996.3999999999605,364.1901457764428
997.1999999999605,386.6946449188158
997.9999999999604,400.0041891487121
998.7999999999604,388.546469121235
999.5999999999603,365.8959858427461
1000.3999999999603,356.7036813021307
1001.1999999999603,370.1257703828564
1001.9999999999602,392.6057837514759
1002.7999999999602,399.2121328601555
1003.5999999999601,382.1676020451496
1004.3999999999601,361.29586431840585
1005.19999999996,358.6550140190742
1005.99999999996,376.84506261125676
1006.7999999999599,397.0565087424951
1007.5999999999599,396.28861954430675
1008.3999999999598,375.52574904403707
1009.1999999999598,358.3541699498129
1009.9999999999598,362.44054980528017
1010.7999999999597,383.72309261384925
1011.5999999999597,399.5702847064729
1012.3999999999596,391.58055215696174
1013.1999999999596,369.2873520183273
1013.9999999999595,357.32883019808946
1014.7999999999595,367.7473629186116
1015.5999999999594,390.0814751557386
1016.3999999999594,399.87823305403305
1017.1999999999593,385.62447989579414
1017.9999999999593,364.0514190827992
1018.7999999999593,358.3148865181782
1019.5999999999592,374.1114010018219
1020.3999999999592,395.25974292904544
1021.1999999999591,397.96313872262164
1021.9999999999591,379.07310583551185
1022.799999999959,360.3018395533765
1023.599999999959,361.2387511159414
1024.399999999959,380.9424349385998
1025.1999999999591,398.6984646167134
1025.9999999999593,394.0649624271503
1026.7999999999595,372.61407102784693
1027.5999999999597,358.3766436234764
1028.3999999999598,365.85776086591227
1029.19999999996,387.5683959804489
1029.9999999999602,400.0197074393962
1030.7999999999604,388.6460543424204
1031.5999999999606,366.89559875135575
1032.3999999999608,358.4504325337438
1033.199999999961,371.767101373491
1033.9999999999611,393.300851162117
1034.7999999999613,399.0870707949138
1035.5999999999615,382.3247369190867
1036.3999999999617,362.46806982425545
1037.1999999999618,360.5255358537816
1037.999999999962,378.4189744213796
1038.7999999999622,397.5169741272761
1039.5999999999624,396.03005794342033
1040.3999999999626,375.7928821286161
1041.1999999999628,359.7440285189317
1041.999999999963,364.4292471365859
1042.7999999999631,385.159803253058
1043.5999999999633,399.7458207569205
1044.3999999999635,391.2259912599352
1045.1999999999637,369.7341818547093
1045.9999999999638,358.97410446154566
1046.799999999964,369.81771904887717
1047.5999999999642,391.28914197635805
1048.3999999999644,399.74123733805544
1049.1999999999646,385.24393450386566
1049.9999999999648,364.7555723831114
1050.799999999965,360.2342316241002
1051.5999999999651,376.1904270527314
1052.3999999999653,396.1384291558514
1053.1999999999655,397.5235914711156
1053.9999999999657,378.7644876459007
1054.7999999999658,361.3374574437094
1055.599999999966,363.42037665595257
1056.3999999999662,382.92105160300747
1057.1999999999664,399.1599864670497
1057.9999999999666,393.379020934545
1058.7999999999668,372.4932091209717
1059.599999999967,359.80211644339096
1060.3999999999671,368.24988005384705
1061.1999999999673,389.309776478262
1061.9999999999675,400.0096289032504
1062.7999999999677,387.8160515118991
1063.5999999999678,367.0830638929381
1064.399999999968,360.2960874017099
1065.1999999999682,374.2721215314456
1065.9999999999684,394.6575533908102
1066.7999999999686,398.6036182845145
1067.5999999999688,381.4906593999147
1068.399999999969,363.07484213311886
1069.1999999999691,362.781972549205
1069.9999999999693,380.8939792438253
1070.7999999999695,398.35541418419365
1071.5999999999697,395.13489167097316
1072.3999999999699,375.11750016487446
1073.19999999997,360.85734349393545
1073.9999999999702,367.0374183598746
1074.7999999999704,387.4258756729016
1075.5999999999706,399.9738764964408
1076.3999999999708,390.04379522584424
1077.199999999971,369.38497362329866
1077.9999999999711,360.64408807734355
1078.7999999999713,372.662671560154
1079.5999999999715,393.15092266792107
1080.3999999999717,399.33269787933637
1081.1999999999719,383.95089343871945
1081.999999999972,364.88628070975824
1082.7999999999722,362.4616628011369
1083.5999999999724,379.1014814703471
1084.3999999999726,397.41280798814284
1085.1999999999728,396.5330081474482
1085.999999999973,377.56854634840374
1086.7999999999731,362.0710138309076
1087.5999999999733,366.14631384193103
1088.3999999999735,385.6814779913102
1089.1999999999737,399.7095176080569
1089.9999999999739,391.94272759152057
1090.799999999974,371.6104161364574
1091.5999999999742,361.21551044626693
1092.3999999999744,371.34886672459737
1093.1999999999746,391.6780418305153
1093.9999999999748,399.77345619059605
1094.799999999975,386.13894062852336
1095.5999999999751,366.71397877923977
1096.3999999999753,362.4071764438
1097.1999999999755,377.5518332004791
1097.9999999999757,396.39962029065475
1098.7999999999759,397.6179511278484
1099.599999999976,379.82206714801293
1100.3999999999762,363.383489144065
1101.1999999999764,365.5385166988229
1101.9999999999766,384.10480128803925
1102.7999999999768,399.28377858290764
1103.599999999977,393.5372204069601
1104.3999999999771,373.7216889218753
1105.1999999999773,361.9534960255807
1105.9999999999775,370.3097050343169
1106.7999999999777,390.2832010837268
1107.5999999999779,399.98542726178454
1108.399999999978,388.0594635009221
1109.1999999999782,368.51159208458273
1109.9999999999784,362.5686266098094
1110.7999999999786,376.2425227773426
1111.5999999999788,395.37039325106065
1112.399999999979,398.43593973707135
1113.1999999999791,381.865462144653
1113.9999999999793,364.7443764407996
1114.7999999999795,365.17480188689797
1115.5999999999797,382.7114488620561
1116.3999999999799,398.75454796419746
1117.19999999998,394.8570069692555
1117.9999999999802,375.6925082859826
1118.7999999999804,362.80787643381194
1119.5999999999806,369.5195961069148
1120.3999999999808,388.99769524908754
1121.199999999981,400.02300456298286
1121.9999999999811,389.7249924060481
1122.7999999999813,370.24319323521974
1123.5999999999815,362.89999178132933
1124.3999999999817,375.1634980680252
1125.1999999999819,394.3677897362529
1125.999999999982,399.03219850135287
1126.7999999999822,383.6953348250179
1127.5999999999824,366.1121704971152
1128.3999999999826,365.0168150826919
1129.1999999999828,381.50734544029916
1129.999999999983,398.17022168313287
1130.7999999999831,395.93438303321824
1131.5999999999833,377.5061525234937
1132.3999999999835,363.73544753359636
1133.1999999999837,368.9508197698701
1133.9999999999839,387.8421155005178
1134.799999999984,399.9342924039751
1135.5999999999842,391.1532835997843
1136.3999999999844,371.88202505543455
1137.1999999999846,363.3599801665463
1137.9999999999848,374.2998142485627
1138.799999999985,393.42400131606814
1139.5999999999851,399.44912866478114
1140.3999999999853,385.3152110486633
1141.1999999999855,367.4535872291412
1141.9999999999857,365.0284671444543
1142.7999999999859,380.4912953604063
1143.599999999986,397.5701385596002
1144.3999999999862,396.8020436754527
1145.1999999999864,379.15363970294305
1145.9999999999866,364.69985236560245
1146.7999999999868,368.57534813911275
1147.599999999987,386.82852752253336
1148.3999999999871,399.76064371952396
1149.1999999999873,392.3651233481557
1149.9999999999875,373.4091673800852
1150.7999999999877,363.91243318465547
1151.5999999999879,373.6337238088517
1152.399999999988,392.5623044668436
1153.1999999999882,399.7251515891722
1153.9999999999884,386.7335276089931
1154.7999999999886,368.7427148588956
1155.5999999999888,365.1768185971688
1156.399999999989,379.6571270651549
1157.1999999999891,396.98537624491007
1157.9999999999893,397.4914988049152
1158.7999999999895,380.6320294762531
1159.5999999999897,365.67120109728904
1160.3999999999899,368.3661429620636
1161.19999999999,385.9624296580695
1161.9999999999902,399.5366887765992
1162.7999999999904,393.38257761988564
1163.5999999999906,374.81221217325384
1164.3999999999908,364.52639608600913
1165.199999999991,373.1462747816942
1165.9999999999911,391.79860877647917
1166.7999999999913,399.8940837836627
1167.5999999999915,387.96192707206427
1168.3999999999917,369.96008077153334
1169.1999999999919,365.4325758306414
1169.999999999992,378.9954328250338
1170.7999999999922,396.43973161596244
1171.5999999999924,398.031985832612
1172.3999999999926,381.9429055494974
1173.1999999999928,366.6255288178579
1173.999999999993,368.29803299037246
1174.7999999999931,385.2444413273432
1175.5999999999933,399.2906892327008
1176.3999999999935,394.22765653170984
1177.1999999999937,376.0840141182843
1177.9999999999939,365.17595864672694
1178.799999999994,372.8184922751952
1179.5999999999942,391.1428990079437
1180.3999999999944,399.984910512572
1181.1999999999946,389.01386497643745
1181.9999999999948,371.09170712450856
1182.799999999995,365.7703003683652
1183.5999999999951,378.4949379683102
1184.3999999999953,395.95075885367004
1185.1999999999955,398.44978899765584
1185.9999999999957,383.0910685128153
1186.7999999999959,367.5441686590188
1187.599999999996,368.34826402959675
1188.3999999999962,384.67170987891654
1189.1999999999964,399.04508562642945
1189.9999999999966,394.9213446134967
1190.7999999999968,377.2215602723287
1191.599999999997,365.83994689549195
1192.3999999999971,372.63221759745943
1193.1999999999973,390.6005164291665
1193.9999999999975,400.0218413356968
1194.7999999999977,389.9035142557136
1195.5999999999979,372.1282071309456
1196.399999999998,366.1684133638318
1197.1999999999982,378.1435458125897
1197.9999999999984,395.53077966130684
1198.7999999999986,398.76787659811646
1199.5999999999988,384.08344792906206
1200.399999999999,368.4130979609605
1201.1999999999991,368.4968003090733
1201.9999999999993,384.2390474183687
1202.7999999999995,398.81713882184056
1203.5999999999997,395.4829397911521
1204.3999999999999,378.2249833292645
1205.2,366.50152814874406
1206.0000000000002,372.5706730776451
1206.8000000000004,390.1732555596728
1207.6000000000006,400.02455127682225
1208.4000000000008,390.6449384708323
1209.200000000001,373.06395654254067
1210.0000000000011,366.6090604867001
1210.8000000000013,377.929107929601
1211.6000000000015,395.18781250453463
1212.4000000000017,399.0057757851121
1213.2000000000019,384.92822764805425
1214.000000000002,369.22229883966685
1214.8000000000022,368.72644199347275
1215.6000000000024,383.9398221591943
1216.4000000000026,398.6195944231876
1217.2000000000028,395.92964306777156
1218.000000000003,379.0967282601913
1218.8000000000031,367.1477759230836
1219.6000000000033,372.6188120526784
1220.4000000000035,389.86027298370146
1221.2000000000037,400.008532119791
1222.0000000000039,391.25149856333843
1222.800000000004,373.89636078701085
1223.6000000000042,367.07788759293254
1224.4000000000044,377.8399676462874
1225.2000000000046,394.92639191071447
1226.0000000000048,399.1796164352918
1226.800000000005,385.6341684861065
1227.6000000000051,369.9651611044159
1228.4000000000053,369.02281086952377
1229.2000000000055,383.76663476713907
1230.0000000000057,398.4613226509733
1230.8000000000059,396.27634470744175
1231.600000000006,379.84087126403807
1232.4000000000062,367.7692283259951
1233.2000000000064,372.763504091198
1234.0000000000066,389.65881755725974
1234.8000000000068,399.98549751783673
1235.600000000007,391.7354557985058
1236.4000000000071,374.6252273094543
1237.2000000000073,367.56376514542114
1238.0000000000075,377.8653201773483
1238.8000000000077,394.7482659769832
1239.6000000000079,399.30228858260296
1240.400000000008,386.2101067662752
1241.2000000000082,370.63794469382856
1242.0000000000084,369.3742448897121
1242.8000000000086,383.711811472515
1243.6000000000088,398.3479045149458
1244.400000000009,396.5355593259285
1245.2000000000091,380.46258253931285
1246.0000000000093,368.35946293050694
1246.8000000000095,372.993596374875
1247.6000000000097,389.56479841140117
1248.4000000000099,399.96380211703536
1249.20000000001,392.1077348754017
1250.0000000000102,375.2522445454198
1250.8000000000104,368.0584890377405
1251.6000000000106,377.995427051599
1252.4000000000108,394.65297174793653
1253.200000000011,399.38367045238914
1254.0000000000111,386.6646048672292
1254.8000000000113,371.239310535616
1255.6000000000115,369.7716326842976
1256.4000000000117,383.76774439399674
1257.2000000000119,398.2821488644045
1258.000000000012,396.71747008017763
1258.8000000000122,380.967719830538
1259.6000000000124,368.91470281769114
1260.4000000000126,373.29988393537116
1261.2000000000128,389.573210426382
1262.000000000013,399.948848397976
1262.8000000000131,392.3778145474142
1263.6000000000133,375.7805632463751
1264.4000000000135,368.55647716601163
1265.2000000000137,378.2217165104495
1266.0000000000139,394.63829540305983
1266.800000000014,399.43089540795825
1267.6000000000142,387.005729813089
1268.4000000000144,371.76992237457597
1269.2000000000146,370.2082109982568
1270.0000000000148,383.9271066044765
1270.800000000015,398.2645347426055
1271.6000000000151,396.8300500816721
1272.4000000000153,381.36253724266817
1273.2000000000155,369.4334617745445
1274.0000000000157,373.6750140634802
1274.8000000000159,389.6784375897736
1275.600000000016,399.9434655250363
1276.4000000000162,392.55371749073026
1277.2000000000164,376.2144719934836
1278.0000000000166,369.05447427717047
1278.8000000000168,378.5367957602554
1279.600000000017,394.7006284100481
1280.4000000000171,399.4486356904274
1281.2000000000173,387.24093729739104
1282.0000000000175,372.23211748915105
1282.8000000000177,370.67934139452984
1283.6000000000179,384.1829660234518
1284.400000000018,398.29358027139466
1285.2000000000182,396.8792365202718
1286.0000000000184,381.6534929657958
1286.8000000000186,369.9162316620445
1287.6000000000188,374.11334413136365
1288.400000000019,389.87445399152085
1289.2000000000191,399.9482524912026
1290.0000000000193,392.64207587763235
1290.8000000000195,376.5591564539282
1291.6000000000197,369.55127243730067
1292.4000000000199,378.93439583879785
1293.20000000002,394.83523293092065
1294.0000000000202,399.4393886218631
1294.8000000000204,387.3770408199742
1295.6000000000206,372.6296411223482
1296.4000000000208,371.1822773299171
1297.200000000021,384.5288186730493
1298.0000000000211,398.3661437364817
1298.8000000000213,396.86913946371567
1299.6000000000215,381.84713983747116
1300.4000000000217,370.36521128795596
1301.2000000000219,374.6107669943348
1302.000000000022,390.154940719055
1302.8000000000222,399.96188366963264
1303.6000000000224,392.6482536827412
1304.4000000000226,376.82053078823054
1305.2000000000228,370.0474504307154
1306.000000000023,379.40926542204676
1306.8000000000231,395.0364305392673
1307.6000000000233,399.4037570149391
1308.4000000000235,387.42024812491246
1309.2000000000237,372.967437250608
1310.0000000000239,371.71592844948606
1310.800000000024,384.95855847133004
1311.6000000000242,398.4776652885738
1312.4000000000244,396.8022726502078
1313.2000000000246,381.9500834755019
1314.0000000000248,370.78407334642264
1314.800000000025,375.1645139725802
1315.6000000000251,390.51333508685576
1316.4000000000253,399.98137896158516
1317.2000000000255,392.57651078289473
1318.0000000000257,377.0051291614838
1318.8000000000259,370.5451323245604
1319.600000000026,379.95702616814486
1320.4000000000262,395.29772822761146
1321.2000000000264,399.34072010049834
1322.0000000000266,387.3762497108864
1322.8000000000268,373.2514870934955
1323.600000000027,372.2806257815041
1324.4000000000271,385.46639784601365
1325.2000000000273,398.6223592265293
1326.0000000000275,396.6797978505081
1326.8000000000277,381.96899395324897
1327.6000000000279,371.17776426199543
1328.400000000028,375.7729423213111
1329.2000000000282,390.9428268786983
1330.0000000000284,400.0023434471872
1330.8000000000286,392.4301973335672
1331.6000000000288,377.12004549523266
1332.400000000029,371.0477633308792
1333.2000000000291,380.5739992948908
1334.0000000000293,395.6118951778415
1334.8000000000295,399.24789455417744
1335.6000000000297,387.2503465602926
1336.4000000000299,373.48868619265966
1337.20000000003,372.8778891871512
1338.0000000000302,386.04675103009305
1338.8000000000304,398.7933675416935
1339.6000000000306,396.50177760009313
1340.4000000000308,381.91065831845265
1341.200000000031,371.5523306045329
1342.0000000000312,376.4353116300996
1342.8000000000313,391.43631460327373
1343.6000000000315,400.01918311500697
1344.4000000000317,392.2119696070143
1345.2000000000319,377.1729100272935
1346.000000000032,371.5598995793072
1346.8000000000322,381.2570108136908
1347.6000000000324,395.9710030552322
1348.4000000000326,399.1217873790252
1349.2000000000328,387.04760616008605
1350.000000000033,373.686750612669
1350.8000000000332,373.51019668767947
1351.6000000000333,386.6940899948591
1352.4000000000335,398.98288559092043
1353.2000000000337,396.26743333735396
1354.0000000000339,381.78206246357485
1354.800000000034,371.91476509792557
1355.6000000000342,377.15155190245116
1356.4000000000344,391.9863334104933
1357.2000000000346,400.0253041255342
1358.0000000000348,391.9240204901097
1358.800000000035,377.1718918967707
1359.6000000000352,372.08700753935636
1360.4000000000353,382.00318123329095
1361.2000000000355,396.36644182381883
1362.0000000000357,398.9580437000625
1362.8000000000359,386.7730375096496
1363.600000000036,373.8541430238398
1364.4000000000362,374.18075428131726
1365.2000000000364,387.40278160938186
1366.0000000000366,399.1822705847581
1366.8000000000368,395.9754074168993
1367.600000000037,381.59049198995933
1368.4000000000372,372.27286504270467
1369.2000000000373,377.9220249492584
1370.0000000000375,392.58496525905156
1370.8000000000377,400.01330333540886
1371.6000000000379,391.56831916174934
1372.400000000038,377.12571759947417
1373.2000000000382,372.63526831957995
1374.0000000000384,382.8097044869205
1374.8000000000386,396.7889223613505
1375.6000000000388,398.75169308527603
1376.400000000039,386.4317769523857
1377.2000000000392,374.00000972175866
1378.0000000000393,374.8932642358021
1378.8000000000395,388.166913676173
1379.6000000000397,399.3821431419133
1380.4000000000399,395.6240281885643
1381.20000000004,381.3436426424171
1382.0000000000402,372.63509604346854
1382.8000000000404,378.7472801265106
1383.6000000000406,393.2237411520826
1384.4000000000408,399.97515759853934
1385.200000000041,391.14685527942544
1386.0000000000412,377.0436959205746
1386.8000000000413,373.2113820340068
1387.6000000000415,383.67362028623035
1388.4000000000417,397.22847649525175
1389.2000000000419,398.49739796779176
1390.000000000042,386.0292774623597
1390.8000000000422,374.13412015228494
1391.6000000000424,375.65168972537344
1392.4000000000426,388.9801170224852
1393.2000000000428,399.5724915519838
1394.000000000043,395.2115774510869
1394.8000000000432,381.04973165570067
1395.6000000000433,373.010454287167
1396.4000000000435,379.62780532547043
1397.2000000000437,393.8935447730217
1398.0000000000439,399.9024187571889
1398.800000000044,390.6618832980516
1399.6000000000442,376.93574062053546
1400.4000000000444,373.82236766637635
1401.2000000000446,384.5915840292238
1402.0000000000448,397.6744644811913
1402.800000000045,398.18970720628374
1403.6000000000452,385.5714944923252
1404.4000000000453,374.26680110065956
1405.2000000000455,376.46001387905665
1406.0000000000457,389.83539069316544
1406.8000000000459,399.74278759266286
1407.600000000046,394.7365592171783
1408.4000000000462,380.7176019024231
1409.2000000000464,373.40832105964864
1410.0000000000466,380.56377431101293
1410.8000000000468,394.5845265444319
1411.600000000047,399.78642028701057
1412.4000000000472,390.11616243989266
1413.2000000000473,376.8123827697337
1414.0000000000475,374.47535427305286
1414.8000000000477,385.559638580962
1415.6000000000479,398.1155993268447
1416.400000000048,397.8233168682864
1417.2000000000482,385.0650616957779
1418.0000000000484,374.40885835045856
1418.8000000000486,377.32199180862807
1419.6000000000488,390.72493741975507
1420.400000000049,399.8821217597187
1421.2000000000492,394.19796800775276
1422.0000000000493,380.35681129942833
1422.8000000000495,373.8383039720721
1423.6000000000497,381.5547921779487
1424.4000000000499,395.2860370031278
1425.20000000005,399.6185002957613
1426.0000000000502,389.51318749724663
1426.8000000000504,376.684765356999
1427.6000000000506,375.1773602011657
1428.4000000000508,386.57299290345514
1429.200000000051,398.53999671979835
1430.0000000000512,397.39333903677266
1430.8000000000513,384.5174499415048
1431.6000000000515,374.57147944558983
1432.4000000000517,378.2408950728308
1433.200000000052,391.64001695724926
1434.000000000052,399.97936457512236
1434.8000000000523,393.5955538579185
1435.6000000000524,379.9777003034704
1436.4000000000526,374.31006014381234
1437.2000000000528,382.5996415415355
1438.000000000053,395.98658825119804
1438.8000000000532,399.3902440176477
1439.6000000000533,388.85740510493235
1440.4000000000535,376.5646134556543
1441.2000000000537,375.9350579027489
1442.000000000054,387.62581332552065
1442.800000000054,398.935258520539
1443.6000000000543,396.8955778656707
1444.4000000000544,383.93710299164553
1445.2000000000546,374.76611199199164
1446.0000000000548,379.2192490888491
1446.800000000055,392.57082534507344
1447.6000000000552,400.0233591710147
1448.4000000000553,392.93008002012493
1449.2000000000555,379.5914307786356
1450.0000000000557,374.8330976122503
1450.800000000056,383.69603326876995
1451.600000000056,396.67385207831677
1452.4000000000563,399.0937471059896
1453.2000000000564,388.15440947617145
1454.0000000000566,376.4641739150432
1454.8000000000568,376.7545230529019
1455.600000000057,388.7110342134498
1456.4000000000572,399.2885967406346
1457.2000000000573,396.3268103639021
1458.0000000000575,383.33354319292914
1458.8000000000577,375.0043128472391
1459.600000000058,380.2585652951639
1460.400000000058,393.506408636801
1461.2000000000583,400.00314858934394
1462.0000000000584,392.20356807476
1462.8000000000586,379.20998996021683
1463.6000000000588,375.4165523561171
1464.400000000059,384.84036690795404
1465.2000000000592,397.3347029824318
1466.0000000000593,398.72189895604384
1466.8000000000595,387.4111110627798
1467.6000000000597,376.39611945778114
1468.40000000006,377.6409681641662
1469.20000000006,389.8201959923009
1470.0000000000603,399.5870036130992
1470.8000000000604,395.68506751876714
1471.6000000000606,382.7174406639347
1472.4000000000608,375.29756474260586
1473.200000000061,381.3590715574258
1474.0000000000612,394.4346200908901
1474.8000000000613,399.9082391634667
1475.6000000000615,391.4195239345262
1476.4000000000617,378.846153871297
1477.200000000062,376.0689397230106
1478.000000000062,386.0275075672237
1478.8000000000623,397.95531369437106
1479.6000000000624,398.26868300051734
1480.4000000000626,386.63587105326445
1481.2000000000628,376.37341286587895
1482.000000000063,378.5984623708164
1482.8000000000632,390.94331948238425
1483.6000000000633,399.8174716246421
1484.4000000000635,394.9699094754313
1485.2000000000637,382.1006395640258
1486.000000000064,375.6570579154057
1486.800000000064,382.51944592156104
1487.6000000000643,395.3421299312054
1488.4000000000644,399.72889895509013
1489.2000000000646,390.58313707566685
1490.0000000000648,378.51340514400226
1490.800000000065,376.7978804458284
1491.6000000000652,387.25058752453714
1492.4000000000653,398.52130970996456
1493.2000000000655,397.7294885439311
1494.0000000000657,385.83859441708984
1494.800000000066,376.40912805955173
1495.600000000066,379.6296409204902
1496.4000000000663,392.06882651257894
1497.2000000000664,399.9672652261572
1498.0000000000666,394.18268672024163
1498.8000000000668,381.49613551481025
1499.600000000067,376.09343583945036
