0.8,232.14681900924228
1.6,318.43407994215744
2.4000000000000004,395.0904561414677
3.2,370.30875325317146
4,279.33224928833476
4.8,216.76272204850687
5.6,215.45071248079714
6.3999999999999995,275.67950176206483
7.199999999999999,366.65446522945143
7.999999999999999,397.0363814428633
8.799999999999999,328.4884114083094
9.6,246.47694191689894
10.4,215.72854875519891
11.200000000000001,247.7322303844312
12.000000000000002,330.13169737480166
12.800000000000002,397.2382504603767
13.600000000000003,368.06590750217293
14.400000000000004,282.81159538617715
15.200000000000005,228.1108808561905
16.000000000000004,233.88582156924602
16.800000000000004,297.9788589476847
17.600000000000005,380.1554597479063
18.400000000000006,391.89110368821053
19.200000000000006,319.44801908296586
20.000000000000007,248.41115355433345
20.800000000000008,231.10232657774887
21.60000000000001,274.5796509007844
22.40000000000001,356.3309965069164
23.20000000000001,399.9266205429417
24.00000000000001,351.1632996725566
24.80000000000001,272.90974721795936
25.600000000000012,236.29205144999818
26.400000000000013,260.0050837601127
27.200000000000014,332.93074525802683
28.000000000000014,396.20078573708366
28.800000000000015,374.92074259575884
29.600000000000016,298.363244999114
30.400000000000016,246.80400272813137
31.200000000000017,252.7641264277013
32.000000000000014,313.3903576063214
32.80000000000001,385.7780156067148
33.60000000000001,390.0888176902287
34.400000000000006,322.23269811937547
35.2,260.4408636003247
36,251.0748116982652
36.8,298.6910434665288
37.599999999999994,372.82373519465006
38.39999999999999,397.7983445072576
39.19999999999999,342.87997953314084
39.999999999999986,275.429271877072
40.79999999999998,253.31175472410098
41.59999999999998,288.5804565401559
42.39999999999998,360.0358183106328
43.199999999999974,399.9973914567742
43.99999999999997,359.57350590639317
44.79999999999997,290.4133243279994
45.599999999999966,258.12057700297083
46.39999999999996,282.3266000855429
47.19999999999996,348.84237984380076
47.99999999999996,398.69390975949915
48.799999999999955,372.30828834963467
49.59999999999995,304.4444623191764
50.39999999999995,264.42353722689467
51.199999999999946,279.09702028005427
51.99999999999994,339.8139629185595
52.79999999999994,395.5506868899882
53.59999999999994,381.5397700010841
54.399999999999935,316.94338749473945
55.19999999999993,271.39568336367677
55.99999999999993,278.1229771986577
56.799999999999926,333.02706424311214
57.59999999999992,391.76716353901367
58.39999999999992,387.93210778136364
59.19999999999992,327.63291613863663
59.999999999999915,278.43347878603765
60.79999999999991,278.7578672784385
61.59999999999991,328.31331284206874
62.399999999999906,388.1193850371174
63.1999999999999,392.1751717941504
63.9999999999999,336.4560665385401
64.7999999999999,285.1207237789195
65.5999999999999,280.4882614609963
66.39999999999989,325.40873744485947
67.19999999999989,385.0571547035082
67.99999999999989,394.87880634666334
68.79999999999988,343.4962931937817
69.59999999999988,291.1936447047231
70.39999999999988,282.9252949947753
71.19999999999987,324.0347345766296
71.99999999999987,382.80335405370755
72.79999999999987,396.5279795101659
73.59999999999987,348.91154925373195
74.39999999999986,296.507311605473
75.19999999999986,285.78884478556944
75.99999999999986,323.9374441034467
76.79999999999986,381.43390530597446
77.59999999999985,397.4763634088598
78.39999999999985,352.88682251680825
79.19999999999985,301.00558461289177
79.99999999999984,288.88996355582157
80.79999999999984,324.90344889732944
81.59999999999984,380.93457052121414
82.39999999999984,397.95965657585816
83.19999999999983,355.604469556123
83.99999999999983,304.6961194229818
84.79999999999983,292.1139735735087
85.59999999999982,326.76262805863684
86.39999999999982,381.23791091011657
87.19999999999982,398.116402313088
87.99999999999982,357.2289412230615
88.79999999999981,307.63099255365506
89.59999999999981,295.40523006287805
90.3999999999998,329.38434315748873
91.1999999999998,382.2454828401345
91.9999999999998,398.0096523329477
92.7999999999998,357.90179181049297
93.5999999999998,309.89264964172185
94.39999999999979,298.75386947479967
95.19999999999979,332.67035085563725
95.99999999999979,383.8399431612817
96.79999999999978,397.64660506177404
97.59999999999978,357.74328494383406
98.39999999999978,311.58432538910637
99.19999999999978,302.184473927601
99.99999999999977,336.54624451396785
100.79999999999977,385.8907491332039
101.59999999999977,396.99550237911154
102.39999999999976,356.8577318817853
103.19999999999976,312.82384030559507
103.99999999999976,305.7463651970587
104.79999999999976,340.952352559353
105.59999999999975,388.25619584048934
106.39999999999975,396.00009144037483
107.19999999999975,355.3405132848841
107.99999999999974,313.7396682332281
108.79999999999974,309.5051305054865
109.59999999999974,345.8345693683461
110.39999999999974,390.783815349659
111.19999999999973,394.5922924418937
111.99999999999973,353.28538070690973
112.79999999999973,314.4682946463201
113.59999999999972,313.5349459726097
114.39999999999972,351.1353991078363
115.19999999999972,393.31066164094574
115.99999999999972,392.70366498158165
116.79999999999971,350.79108954207214
117.59999999999971,315.1520714591867
118.39999999999971,317.9112800205787
119.1999999999997,356.7854630968672
119.9999999999997,395.66465488287946
120.7999999999997,390.2760249396251
121.5999999999997,347.96672402313925
122.3999999999997,315.9369675860603
123.19999999999969,322.70361402212893
123.99999999999969,362.69580476791447
124.79999999999968,397.66787504753006
125.59999999999968,387.2712478113722
126.39999999999968,344.9352938238037
127.19999999999968,316.9697856977056
127.99999999999967,327.9679060382961
128.79999999999967,368.7514868917659
129.59999999999968,399.1424013128394
130.3999999999997,383.67998374592963
131.1999999999997,341.83535641231543
131.99999999999972,318.39455003143
132.79999999999973,333.7386502263619
133.59999999999974,374.8071758905471
134.39999999999975,399.91893162714126
135.19999999999976,379.5287680573921
135.99999999999977,338.8205742794817
136.79999999999978,320.34786489618807
137.5999999999998,340.0205623655454
138.3999999999998,380.6855968965139
139.19999999999982,399.8479590242148
139.99999999999983,374.8848903651291
140.79999999999984,336.0572550418793
141.59999999999985,322.95310608096673
142.39999999999986,346.78016728313855
143.19999999999987,386.1798491754997
143.9999999999999,398.8127453806779
144.7999999999999,369.8584186001541
145.5999999999999,333.72003308189767
146.39999999999992,326.3133562458061
147.19999999999993,353.937887627911
147.99999999999994,391.0605046514014
148.79999999999995,396.74278998138936
149.59999999999997,364.6009634254709
150.39999999999998,331.9859153905293
151.2,330.50306106569934
152,361.36162665705876
152.8,395.0880805273576
153.60000000000002,393.62605732294475
154.40000000000003,359.30107838839774
155.20000000000005,331.02691808392075
156.00000000000006,335.5585072697719
156.80000000000007,368.8632543810993
157.60000000000008,398.0308204215533
158.4000000000001,389.51804392952926
159.2000000000001,354.176549393424
160.0000000000001,331.0014654142045
160.80000000000013,341.4674547453188
161.60000000000014,376.1997461589727
162.40000000000015,399.68675572495056
163.20000000000016,384.54593841620635
164.00000000000017,349.46414147435706
164.80000000000018,332.0446347603149
165.6000000000002,348.15863446248585
166.4000000000002,383.0808259480965
167.20000000000022,399.90789023412947
168.00000000000023,378.9066928294464
168.80000000000024,345.4075545391103
169.60000000000025,334.2572597062921
170.40000000000026,355.49236565899184
171.20000000000027,389.18463550354375
172.00000000000028,398.6233278714682
172.8000000000003,372.85869010464734
173.6000000000003,342.2443402224593
174.40000000000032,337.6939226935693
175.20000000000033,363.2542026317452
176.00000000000034,394.18201406398066
176.80000000000035,395.8575967570317
177.60000000000036,366.70766442985314
178.40000000000038,340.1923517129542
179.2000000000004,342.3500653061488
180.0000000000004,371.15415063046095
180.8000000000004,397.76838796719903
181.60000000000042,391.7406251373361
182.40000000000043,360.78835313917386
183.20000000000044,339.4360017870196
184.00000000000045,348.1488962052535
184.80000000000047,378.8343317744008
185.60000000000048,399.70023618914666
186.4000000000005,386.50691737460403
187.2000000000005,355.44380430247475
188.0000000000005,340.1123087441763
188.80000000000052,354.92951825959307
189.60000000000053,385.88768354564604
190.40000000000055,399.8311125754759
191.20000000000056,380.48328341060835
192.00000000000057,351.0042197683462
192.80000000000058,342.29656583712944
193.6000000000006,362.43866555658934
194.4000000000006,391.8889950222133
195.2000000000006,398.1409775921721
196.00000000000063,374.0665248912827
196.80000000000064,347.76672197313644
197.60000000000065,345.98763189675077
198.40000000000066,370.32941980801957
199.20000000000067,396.43719646925166
200.00000000000068,394.7527889718312
200.8000000000007,367.6941705553989
201.6000000000007,345.97668322771256
202.40000000000072,351.0934308266473
203.20000000000073,378.1708533006967
204.00000000000074,399.20461498391506
204.80000000000075,389.9322008434785
205.60000000000076,361.8121778820287
206.40000000000077,345.81052811473245
207.20000000000078,357.4182998983366
208.0000000000008,385.4721592110422
208.8000000000008,399.9857417593619
209.60000000000082,384.0694644005709
210.40000000000083,356.8432784777077
211.20000000000084,347.35951166309985
212.00000000000085,364.65521363678084
212.80000000000086,391.72294714448503
213.60000000000088,398.7361667801535
214.4000000000009,377.6462467025853
215.2000000000009,353.1585199220981
216.0000000000009,350.6141381306158
216.80000000000092,372.3872592583258
217.60000000000093,396.44783386046015
218.40000000000094,395.5928593972631
219.20000000000095,371.1928928947081
220.00000000000097,351.05301861025004
220.80000000000098,355.4497585514094
221.600000000001,380.10339743322555
222.400000000001,399.2688146405176
223.200000000001,390.87027791594033
224.00000000000102,365.2427546907128
224.80000000000103,350.7255722740545
225.60000000000105,361.61543148349296
226.40000000000106,387.2326766297295
227.20000000000107,399.9646076589632
228.00000000000108,385.03206787575346
228.8000000000011,360.28938974983544
229.6000000000011,352.2611065991087
230.4000000000011,368.73004090478923
231.20000000000113,393.1980051504983
232.00000000000114,398.5141730434435
232.80000000000115,378.6435654893483
233.60000000000116,356.75023409483293
234.40000000000117,355.6152765301279
235.20000000000118,376.29126936828584
236.0000000000012,397.485347459095
236.8000000000012,395.11344309284664
237.60000000000122,372.3139944989018
238.40000000000123,354.9377442591351
239.20000000000124,360.6019749370547
240.00000000000125,383.703310896821
240.80000000000126,399.7180213883431
241.60000000000127,390.16001317089183
242.40000000000128,366.63795337859517
243.2000000000013,355.03701311699933
244.0000000000013,366.8867527231006
244.80000000000132,390.3270862625334
245.60000000000133,399.7210227085071
246.40000000000134,384.20831836938396
247.20000000000135,362.1436655896798
248.00000000000136,357.0882056214448
248.80000000000138,373.991540286247
249.6000000000014,395.55163012078486
250.4000000000014,397.55965056524394
251.2000000000014,377.90469854978573
252.00000000000142,359.25175526691737
252.80000000000143,360.9731108109996
253.60000000000144,381.3174395420703
254.40000000000146,398.87799433473106
255.20000000000147,393.54151461284243
256.0000000000015,371.915147653402
256.8000000000015,358.2446908518873
257.6000000000015,366.4074451784629
258.4000000000015,388.1913178000387
259.2000000000015,399.9998994658056
260.00000000000153,388.18010845577965
260.80000000000155,366.8575695314413
261.60000000000156,359.24490041491885
262.40000000000157,372.94352766253405
263.2000000000016,393.9373943394063
264.0000000000016,398.86197240682816
264.8000000000016,382.1280372709567
265.6000000000016,363.2461281678869
266.4000000000016,362.19959825298935
267.20000000000164,379.9902885641242
268.00000000000165,397.96716501705345
268.80000000000166,395.6794699342184
269.60000000000167,376.0946500808758
270.4000000000017,361.4500767363668
271.2000000000017,366.87248076569693
272.0000000000017,386.85757984058495
272.8000000000017,399.87212863667185
273.6000000000017,390.9128237414569
274.40000000000174,370.76390626422847
275.20000000000175,361.6655437696505
276.00000000000176,372.84582632946154
276.8000000000018,392.82789399233786
277.6000000000018,399.4979160734973
278.4000000000018,385.20263329438455
279.2000000000018,366.7242805723069
280.0000000000018,363.897509289213
280.80000000000183,379.5396743132833
281.60000000000184,397.2505798833259
282.40000000000185,396.9795230006042
283.20000000000186,379.2806295729678
284.0000000000019,364.4160549281527
284.8000000000019,367.9508008845525
285.6000000000019,386.25566746035713
286.4000000000019,399.6435036050446
287.2000000000019,392.72651804183675
288.00000000000193,373.87569193371235
288.80000000000194,364.0956531726907
289.60000000000196,373.43249084339936
290.40000000000197,392.24989781210314
291.200000000002,399.7792621964749
292.000000000002,387.36112027120055
292.800000000002,369.63073421921393
293.600000000002,365.813963272535
294.400000000002,379.7718275803704
295.20000000000203,396.831009925009
296.00000000000205,397.732443286773
296.80000000000206,381.6247604520732
297.60000000000207,367.03897209124796
298.4000000000021,369.40646334529544
299.2000000000021,386.2654462507855
300.0000000000021,399.46875631247667
300.8000000000021,393.8732088548124
301.6000000000021,376.2747193984473
302.40000000000214,366.400790141024
303.20000000000215,374.4965136320537
304.00000000000216,392.1527847851889
304.80000000000217,399.88890686756815
305.6000000000022,388.8078059778716
306.4000000000022,371.99012550889483
307.2000000000022,367.798276740801
308.0000000000022,380.51734898173135
308.8000000000022,396.718406620078
309.60000000000224,398.12860274230337
310.40000000000225,383.2816194456521
311.20000000000226,369.29873205871934
312.0000000000023,371.08459159015445
312.8000000000023,386.7603743251785
313.6000000000023,399.4061417541109
314.4000000000023,394.5349028220158
315.2000000000023,378.06836717140413
316.00000000000233,368.52727063702326
316.80000000000234,375.888770798927
317.60000000000235,392.454693758946
318.40000000000236,399.91970875921396
319.2000000000024,389.7057377151132
320.0000000000024,373.86752254086673
320.8000000000024,369.7727878353464
321.6000000000024,381.64098936725105
322.4000000000024,396.87425570216743
323.20000000000243,398.2821337230425
324.00000000000244,384.38926823785454
324.80000000000246,371.2237290064695
325.60000000000247,372.89180282567224
326.4000000000025,387.62554410112125
327.2000000000025,399.4565719224004
328.0000000000025,394.8353135941968
328.8000000000025,379.3670136595451
329.6000000000025,370.4722889846401
330.40000000000254,377.507447837458
331.20000000000255,393.0659551686952
332.00000000000256,399.9062475779111
332.80000000000257,390.17871095887995
333.6000000000026,375.3449643078522
334.4000000000026,371.7084946605598
335.2000000000026,383.039251364976
336.0000000000026,397.2374713880536
336.8000000000026,398.2544199207549
337.60000000000264,385.0642246979417
338.40000000000265,372.8680482582208
339.20000000000266,374.7775644337478
340.0000000000027,388.7623307628827
340.8000000000027,399.5892824023305
341.6000000000027,394.85522953806134
342.4000000000027,380.2742847325864
343.2000000000027,372.2628274202264
344.00000000000273,379.28521721626254
344.80000000000274,393.8993249901727
345.60000000000275,399.8480672127924
346.40000000000276,390.319359782453
347.2000000000028,376.50884866889606
348.0000000000028,373.60643883672935
348.8000000000028,384.6333406762097
349.6000000000028,397.7384774234001
350.4000000000028,398.0733734991714
351.20000000000283,385.4034947157072
352.00000000000284,374.29744807292235
352.80000000000285,376.7186637396816
353.60000000000286,390.0868357021502
354.4000000000029,399.75787565769326
355.2000000000029,394.6469767355478
356.0000000000029,380.88436407498887
356.8000000000029,373.94137196095284
357.6000000000029,381.1773044334105
358.40000000000293,394.8733221714892
359.20000000000294,399.7258331981998
360.00000000000296,390.19859109960043
360.80000000000297,377.4438168796445
361.600000000003,375.48408849500333
362.400000000003,386.36121607530276
363.200000000003,398.3064796136727
364.000000000003,397.7480954140721
364.800000000003,385.48926721068347
365.60000000000304,375.58099739464205
366.40000000000305,378.70706702241904
367.20000000000306,391.52610667852093
368.00000000000307,399.9102408305362
368.8000000000031,394.24637844606036
369.6000000000031,381.2825833377166
370.4000000000031,375.55635371517695
371.2000000000031,383.1515452614046
372.0000000000031,395.9124935471694
372.80000000000314,399.5124120350568
373.60000000000315,389.87414490401073
374.40000000000316,378.2300656292018
375.2000000000032,377.36553018375236
376.0000000000032,388.170455143505
376.8000000000032,398.8732479014975
377.6000000000032,397.2796360791109
378.4000000000032,385.39388352550066
379.20000000000323,376.7860122408121
380.00000000000324,380.7407381916864
380.80000000000325,393.01421951842167
381.60000000000326,399.99491525554663
382.4000000000033,393.6819580302355
383.2000000000033,381.54703221958437
384.0000000000033,377.15562129072373
384.8000000000033,385.18064136247
385.6000000000033,396.9467878679471
386.40000000000333,399.18058025442895
387.20000000000334,389.39741083209714
388.00000000000335,378.94212526254074
388.80000000000337,379.2743748477762
389.6000000000034,390.01263848966255
390.4000000000034,399.3754260106066
391.2000000000034,396.6687489610326
392.0000000000034,385.1839105956356
392.8000000000034,377.9747039676591
393.60000000000343,382.81685326876243
394.40000000000344,394.48924934240347
395.20000000000346,399.9655402881625
396.00000000000347,392.9816151730222
396.8000000000035,381.74995563769676
397.6000000000035,378.7817516015179
398.4000000000035,387.23650135988
399.2000000000035,397.9112009649894
400.0000000000035,398.7085453602984
400.80000000000354,388.8182721430824
401.60000000000355,379.6479648718796
402.40000000000356,381.22856760174096
403.20000000000357,391.8394877171441
404.0000000000036,399.7564827921622
404.8000000000036,395.92134846125924
405.6000000000036,384.92282943825944
406.4000000000036,379.20158192454335
407.2000000000036,384.92694917794853
408.00000000000364,395.8915868275495
408.80000000000365,399.78434370767985
409.60000000000366,392.1770947762819
410.4000000000037,381.95835019183926
411.2000000000037,380.46846505475145
412.0000000000037,389.2864964928789
412.8000000000037,398.74623094286136
413.6000000000037,398.08396803638175
414.40000000000373,388.18801929100607
415.20000000000374,380.40784942870704
416.00000000000375,383.236599295805
416.80000000000376,393.6007914336904
417.6000000000038,399.96881306092007
418.4000000000038,395.0521271249765
419.2000000000038,384.6722167691727
420.0000000000038,380.5111196570313
420.8000000000038,387.0537150963177
421.60000000000383,397.1637362456488
422.40000000000384,399.42506188235546
423.20000000000385,391.30651987824007
424.00000000000387,382.2335646308029
424.8000000000039,382.23777655923357
425.6000000000039,391.29149547354973
426.4000000000039,399.39928938299073
427.2000000000039,397.3067978898227
428.0000000000039,387.56048151713736
428.80000000000393,381.272747395524
429.60000000000394,385.2948810833971
430.40000000000396,395.24406051787037
431.20000000000397,399.976090935706
432.000000000004,394.08657415363535
432.800000000004,384.49149674052734
433.600000000004,381.93552232659385
434.400000000004,389.16929030231574
435.200000000004,398.2515309784665
436.00000000000404,398.87536451528416
436.80000000000405,390.41519709772604
437.60000000000406,382.62994880749744
438.40000000000407,384.09778240664474
439.2000000000041,393.20558448910543
440.0000000000041,399.82694961842685
440.8000000000041,396.3909870323192
441.6000000000041,386.9915744231763
442.4000000000041,382.2823310119138
443.20000000000414,387.3862377175872
444.00000000000415,396.7157840397277
444.80000000000416,399.75571093129514
445.6000000000042,393.0615064736719
446.4000000000042,384.4364582523311
447.2000000000042,383.49265645782305
448.0000000000042,391.2350369142471
448.8000000000042,399.1065474498707
449.60000000000423,398.13863102245034
450.40000000000424,389.55487369022745
451.20000000000425,383.19274713117585
452.00000000000426,386.0411658752049
452.8000000000043,394.9773826632462
453.6000000000043,399.9977241027902
454.4000000000043,395.3650167911272
455.2000000000043,386.53750232730033
456.0000000000043,383.46277040842784
456.80000000000433,389.47959545702605
457.60000000000434,397.96407167139495
458.40000000000435,399.3009872067175
459.20000000000437,392.02417735718024
460.0000000000044,384.5568145121517
460.8000000000044,385.18434839216724
461.6000000000044,393.20279353163954
462.4000000000044,399.68936160780964
463.2000000000044,397.2348274757087
464.00000000000443,388.78163859902816
464.80000000000445,383.95553247977256
465.60000000000446,388.0446125191967
466.40000000000447,396.55281418097053
467.2000000000045,399.8949320933385
468.0000000000045,394.2711445321693
468.8000000000045,386.2519009258319
469.6000000000045,384.82462448847053
470.4000000000045,391.5309858946643
471.20000000000454,398.94235785668866
472.00000000000455,398.62270572388417
472.80000000000456,391.03005071347644
473.60000000000457,384.89314374769197
474.4000000000046,386.9953415816607
475.2000000000046,395.0175825467183
476.0000000000046,399.9731731877837
476.8000000000046,396.20022923513045
477.6000000000046,388.15270646732944
478.40000000000464,384.9375433412289
479.20000000000465,390.06936583915603
480.00000000000466,397.87909718606494
480.8000000000047,399.5191488274187
481.6000000000047,393.1633273369743
482.4000000000047,386.18225688631804
483.2000000000047,386.36119021332917
484.0000000000047,393.4859589547159
484.80000000000473,399.61371910926965
485.60000000000474,397.74963245950397
486.40000000000475,390.13939873793487
487.20000000000476,385.47359829605574
488.0000000000048,388.8932319693014
488.8000000000048,396.62164491777884
489.6000000000048,399.94723887939404
490.4000000000048,395.08580902931834
491.2000000000048,387.7223869468788
492.00000000000483,386.1413276388953
492.80000000000484,392.0631270558295
493.60000000000485,398.9095727973364
494.40000000000487,398.8897280326078
495.2000000000049,392.1038809079521
496.0000000000049,386.3659891836962
496.8000000000049,388.0476914281478
497.6000000000049,395.2834007291537
498.4000000000049,399.95524434279804
499.20000000000493,396.7276665156758
500.00000000000495,389.41297176331244
500.80000000000496,386.310802831267
501.60000000000497,390.82967478044765
502.400000000005,397.95952684766917
503.200000000005,399.619529335293
504.000000000005,393.95424084796446
504.800000000005,387.53760538561403
505.600000000005,387.55111102827124
506.40000000000504,393.9634094876863
507.20000000000505,399.6088540641094
508.00000000000506,398.04496734887425
508.80000000000507,391.15905765101627
509.6000000000051,386.8266146131121
510.4000000000051,389.8416654243556
511.2000000000051,396.86059558920937
512.0000000000051,399.9618316000974
512.8000000000051,395.61747514971137
513.600000000005,388.90707947817896
514.400000000005,387.3993772697761
515.2000000000049,392.7430712556982
516.0000000000049,398.9837701943252
516.8000000000048,399.0180757436595
517.6000000000048,392.8756291418447
518.4000000000048,387.6333923924954
519.2000000000047,389.13228984824946
520.0000000000047,395.70230301054886
520.8000000000046,399.95766167584503
521.6000000000046,397.0406360151936
522.4000000000045,390.39385118363055
523.2000000000045,387.5704405624535
524.0000000000044,391.684832631969
524.8000000000044,398.1591787287114
525.6000000000043,399.6487927888801
526.4000000000043,394.4906338689685
527.2000000000043,388.66849560659665
528.0000000000042,388.71450949735356
528.8000000000042,394.56279824545
529.6000000000041,399.66060025887856
530.4000000000041,398.1906053523865
531.200000000004,391.9222315266884
532.000000000004,388.0287909687269
532.8000000000039,390.8323901312137
533.6000000000039,397.2124015025266
534.4000000000038,399.95666883339044
535.2000000000038,395.9467864051006
536.0000000000038,389.8664350082416
536.8000000000037,388.58422587053275
537.6000000000037,393.50660508061367
538.4000000000036,399.13142937764724
539.2000000000036,399.05274849160276
540.0000000000035,393.42448785734217
540.8000000000035,388.7296441564895
541.6000000000034,390.2119583066337
542.4000000000034,396.214843381076
543.2000000000033,399.97490381296154
544.0000000000033,397.20226956786394
544.8000000000033,391.1625762352631
545.6000000000032,388.72363616447075
546.4000000000032,392.5837237974941
547.2000000000031,398.43342405627016
548.0000000000031,399.6287304194366
548.800000000003,394.84299413656134
549.600000000003,389.62270863485236
550.4000000000029,389.83421811802776
551.2000000000029,395.2292014400707
552.0000000000028,399.7462004378799
552.8000000000028,398.23048489481164
553.6000000000028,392.496120469473
554.4000000000027,389.1045408398241
555.2000000000027,391.8297766827834
556.0000000000026,397.62847367092155
556.8000000000026,399.9337850659752
557.6000000000025,396.13151318663216
558.4000000000025,390.65546631613387
559.2000000000024,389.69663926888177
560.0000000000024,394.3078047260172
560.8000000000023,399.3188607854525
561.6000000000023,399.01903044710656
562.4000000000023,393.8123793565462
563.2000000000022,389.69145122846516
564.0000000000022,391.2669032758295
564.8000000000021,396.7741019641628
565.6000000000021,399.9937126649885
566.400000000002,397.2556994305969
567.200000000002,391.77593713700315
568.0000000000019,389.7859472339445
568.8000000000019,393.49189988527667
569.6000000000018,398.7433320576992
570.4000000000018,399.56809939667187
571.2000000000018,395.0643784684065
572.0000000000017,390.44440492621914
572.8000000000017,390.9051498207298
573.6000000000016,395.92136424031594
574.4000000000016,399.8418453894453
575.2000000000015,398.1929303116371
576.0000000000015,392.9349230134954
576.8000000000014,390.08057247502313
577.6000000000014,392.8116804287122
578.4000000000013,398.06932398138014
579.2000000000013,399.88849469006453
580.0000000000013,396.213838680291
580.8000000000012,391.32143765978185
581.6000000000012,390.7441453700726
582.4000000000011,395.11353859070783
583.2000000000011,399.51617377671454
584.000000000001,398.9315895869015
584.800000000001,394.0877429224451
585.6000000000009,390.5529725359052
586.4000000000009,392.28686479953114
587.2000000000008,397.3435473495726
588.0000000000008,399.9994436480507
588.8000000000008,397.23159869154256
589.6000000000007,392.2806875483474
590.4000000000007,390.77490504583494
591.2000000000006,394.3854928959143
592.0000000000006,399.05677312524523
592.8000000000005,399.4699339049378
593.6000000000005,395.195483328297
594.4000000000004,391.17175751576553
595.2000000000004,391.92765062521744
596.0000000000003,396.60806558496523
596.8000000000003,399.92637389950494
597.6000000000003,398.09755389433707
598.4000000000002,393.28212573979505
599.2000000000002,390.9816436938087
600.0000000000001,393.7635958253534
600.8000000000001,398.5036166072805
601.6,399.8146744221099
602.4,396.22579857313843
603.1999999999999,391.9035778684507
603.9999999999999,391.7359014700879
604.7999999999998,395.8992105424912
605.5999999999998,399.69878211734135
606.3999999999997,398.80019574616426
607.1999999999997,394.2889198498886
607.9999999999997,391.34351827715074
608.7999999999996,393.2660421030288
609.5999999999996,397.89481523970517
610.3999999999995,399.97939784208404
611.1999999999995,397.1533049139883
611.9999999999994,392.7147532205264
612.7999999999994,391.70645238269833
613.5999999999993,395.2469890502127
614.3999999999993,399.3482935967754
615.1999999999992,399.33584069053757
615.9999999999992,395.26844586546844
616.7999999999992,391.8362445773609
617.5999999999991,392.90347417882333
618.3999999999991,397.26528706922073
619.199999999999,399.98293739545903
619.999999999999,397.9596195106187
620.7999999999989,393.57263451818835
621.5999999999989,391.8284481059447
622.3999999999988,394.67489530746946
623.1999999999988,398.90697746018833
623.9999999999987,399.70763794875324
624.7999999999987,396.1929715873124
625.5999999999987,392.4335540076483
626.3999999999986,392.6797993842931
627.1999999999986,396.64583009844097
627.9999999999985,399.84778582485586
628.7999999999985,398.63310135316334
629.5999999999984,394.44670139016534
630.3999999999984,392.0866512779709
631.1999999999983,394.2000429249699
631.9999999999983,398.4059520578465
632.7999999999982,399.9244412332558
633.5999999999982,397.04004089874525
634.3999999999982,393.108470969549
635.1999999999981,392.5931201475162
635.9999999999981,396.06255529243305
636.799999999998,399.59862159122315
637.599999999998,399.16835438409703
638.3999999999979,395.30940368840487
639.1999999999979,392.46267685365655
639.9999999999978,393.83353584395275
640.7999999999978,397.87428982909057
641.5999999999977,399.9996212178001
642.3999999999977,397.792593256089
643.1999999999977,393.83440162999835
643.9999999999976,392.63671259701437
644.7999999999976,395.53662619272455
645.5999999999975,399.2609983534477
646.3999999999975,399.56555360787894
647.1999999999974,396.1367616783519
647.9999999999974,392.9361235719091
648.7999999999973,393.5810067489747
649.5999999999973,397.3382113635969
650.3999999999972,399.94988445350504
651.1999999999972,398.43885666422744
651.9999999999972,394.5860325227798
652.7999999999971,392.800004619464
653.5999999999971,395.0842484740282
654.399999999997,398.8602280097115
655.199999999997,399.82965280219605
655.9999999999969,396.90874383627903
656.7999999999969,393.4855842719516
657.5999999999968,393.4432626985936
658.3999999999968,396.82054470769066
659.1999999999967,399.7941515324761
659.9999999999967,398.9720547998192
660.7999999999967,395.34004294522157
661.5999999999966,393.06951761634764
662.3999999999966,394.71685435790084
663.1999999999965,398.4204704315404
663.9999999999965,399.969527819922
664.7999999999964,397.60944484398186
665.5999999999964,394.0895249735413
666.3999999999963,393.41698896654674
667.1999999999963,396.3404175490475
667.9999999999962,399.55253386333726
668.7999999999962,399.38996972246275
669.5999999999962,396.07563940530446
670.3999999999961,393.42974680303575
671.1999999999961,394.4414314481902
671.999999999996,397.9640291447261
672.799999999996,399.99710291892427
673.5999999999959,398.2270891739624
674.3999999999959,394.7270286369906
675.1999999999958,393.49547255748234
675.9999999999958,395.9131459038261
676.7999999999957,399.24543547089183
677.5999999999957,399.69440073704214
678.3999999999957,396.7749237795079
679.1999999999956,393.86396316862005
679.9999999999956,394.26095187473396
680.7999999999955,397.51084181879446
681.5999999999955,399.92649971590225
682.3999999999954,398.75388754515376
683.1999999999954,395.3784040062971
683.9999999999953,393.6693160111624
684.7999999999953,395.5502822922883
685.5999999999952,398.8927945558937
686.3999999999952,399.89055756134263
687.1999999999952,397.4231095786977
687.9999999999951,394.3549265499765
688.7999999999951,394.17486456151056
689.599999999995,397.07814735075044
690.399999999995,399.77323990885276
691.1999999999949,399.18577443337034
691.9999999999949,396.02566338443205
692.7999999999948,393.9271197790614
693.5999999999948,395.2597881291934
694.3999999999947,398.5134696603038
695.1999999999947,399.9864222567594
695.9999999999947,398.00860286519475
696.7999999999946,394.88550409505035
697.5999999999946,394.17962025407394
698.3999999999945,396.68030716491944
699.1999999999945,399.55352447251164
699.9999999999944,399.522054709056
700.7999999999944,396.65287590119834
701.5999999999943,394.2561176779678
702.3999999999943,395.04629828670784
703.1999999999942,398.124767422064
703.9999999999942,399.9921097320784
704.7999999999942,398.52296591593887
705.5999999999941,395.43919206442166
706.3999999999941,394.26920519899863
707.199999999994,396.3287565600999
707.999999999994,399.2836041192364
708.7999999999939,399.7649863875078
709.5999999999939,397.2464049995064
710.3999999999938,394.6427548650616
711.1999999999938,394.911449801784
711.9999999999937,397.74210308884034
712.7999999999937,399.9192514087157
713.5999999999937,398.9607826609053
714.3999999999936,396.000541759148
715.1999999999936,394.4356648431999
715.9999999999935,396.03206194631855
716.7999999999935,398.9792488085929
717.5999999999934,399.9193245293051
718.3999999999934,397.7950405860019
719.1999999999933,395.0732016529087
719.9999999999933,394.85425096626074
720.7999999999932,397.3787810444667
721.5999999999932,399.780421212172
722.3999999999932,399.3194452273659
723.1999999999931,396.55549259868906
723.9999999999931,394.6696035514927
724.799999999993,395.7960610881138
725.599999999993,398.65531821016
726.3999999999929,399.9918486871271
727.1999999999929,398.2900376019326
727.9999999999928,395.5337995058296
728.7999999999928,394.8714711888256
729.5999999999927,397.0458803261462
730.3999999999927,399.5886177591879
731.1999999999927,399.59888059740075
731.9999999999926,397.0916171534192
732.7999999999926,394.96065014894265
733.5999999999925,395.6240655336997
734.3999999999925,398.3254303651936
735.1999999999924,399.9908931647454
735.9999999999924,398.7250736784913
736.7999999999923,396.01143793391884
737.5999999999923,394.95803583691554
738.3999999999922,396.75222916849276
739.1999999999922,399.3568117072606
739.9999999999922,399.80123548679325
740.7999999999921,397.59828436938045
741.5999999999921,395.2978821896658
742.399999999992,395.51710689767486
743.199999999992,398.0017223416373
743.9999999999919,399.9258959484136
744.7999999999919,399.09613903950054
745.5999999999918,396.4938628811467
746.3999999999918,395.1074136393631
747.1999999999917,396.5044526871375
747.9999999999917,399.0975629128117
748.7999999999917,399.9305361545174
749.5999999999916,398.0667483476743
750.3999999999916,395.67020433044144
751.1999999999915,395.4742112819034
751.9999999999915,397.694694329847
752.7999999999914,399.8069786997362
753.5999999999914,399.40137191035706
754.3999999999913,396.96991871153824
755.1999999999913,395.3119871175661
755.9999999999912,396.3070786060852
756.7999999999912,398.8227084148131
757.5999999999912,399.99233806365027
758.3999999999911,398.4901708890308
759.1999999999911,396.06667817445907
759.999999999991,395.4926886771627
760.799999999991,397.41312723479797
761.5999999999909,399.6445668398648
762.3999999999909,399.6408524029794
763.1999999999908,397.42972711940706
763.9999999999908,395.5633989418524
764.7999999999907,396.1626871913809
765.5999999999907,398.54311936388825
766.3999999999907,399.99337825435805
767.1999999999906,398.86358659351214
767.9999999999906,396.4768025519289
768.7999999999905,395.56842656753713
769.5999999999905,397.16406321384665
770.3999999999904,399.44905565160974
771.1999999999904,399.8163672033592
771.9999999999903,397.8648072716025
772.7999999999903,395.8528691160668
773.5999999999902,396.07209306533287
774.3999999999902,398.268522838568
775.1999999999902,399.9412410816296
775.9999999999901,399.18381961077984
776.7999999999901,396.8907444948551
777.59999999999,395.6961790853951
778.39999999999,396.9528386047745
779.1999999999899,399.2305255801409
779.9999999999899,399.93115644743557
780.7999999999898,398.2681422685702
781.5999999999898,396.17147954576467
782.3999999999897,396.03454818387763
783.1999999999897,398.0073829695835
783.9999999999897,399.84404573399354
784.7999999999896,399.4493611890204
785.5999999999896,397.2995222243648
786.3999999999895,395.86984492516564
787.1999999999895,396.7831591258488
787.9999999999894,398.9985075851775
788.7999999999894,399.9896529934617
789.5999999999893,398.63419759663776
790.3999999999893,396.5104238981934
791.1999999999892,396.04795685381043
791.9999999999892,397.76683485194553
792.7999999999892,399.71016178456614
793.5999999999891,399.6602169709781
794.3999999999891,397.6951423319686
795.199999999989,396.0827288141715
795.999999999989,396.6572079589958
796.7999999999889,398.7617975105098
797.5999999999889,399.9972229585997
798.3999999999888,398.95889764900454
799.1999999999888,396.8612217775872
799.9999999999887,396.1090951683472
800.7999999999887,397.5526642574517
801.5999999999887,399.5479570152492
802.3999999999886,399.81773256957763
803.1999999999886,398.07069404362477
803.9999999999885,396.32778268619876
804.7999999999885,396.5757782306194
805.5999999999884,398.528316982781
806.3999999999884,399.95991495481263
807.1999999999883,399.23956661818124
807.9999999999883,397.21589715911523
808.7999999999882,396.2138286124097
809.5999999999882,397.3693260757283
810.3999999999882,399.3655799578726
811.1999999999881,399.9244053463537
811.9999999999881,398.42040401928006
812.799999999988,396.5978238376754
813.599999999988,396.5384223905999
814.3999999999879,398.30501730176877
815.1999999999879,399.88422400379494
815.9999999999878,399.47484011782797
816.7999999999878,397.5671217915505
817.5999999999877,396.3573228119667
818.3999999999877,397.21999460950445
819.1999999999877,399.1707780497021
819.9999999999876,399.9836895574546
820.7999999999876,398.7396555719109
821.5999999999875,396.8857282940291
822.3999999999875,396.54361198436567
823.1999999999874,398.09782209067646
823.9999999999874,399.77687469278897
824.7999999999873,399.66455378547516
825.5999999999873,397.9083249126108
826.3999999999872,396.53424346873544
827.1999999999872,397.10663924494474
827.9999999999872,398.9707510196805
828.7999999999871,399.99980116545703
829.5999999999871,399.0249765000943
830.399999999987,397.1845984153515
831.199999999987,396.5889022762304
831.9999999999869,397.9116040863238
832.7999999999869,399.64462680205963
833.5999999999868,399.80961486654417
834.3999999999868,398.2337711482454
835.1999999999867,396.73894244971206
835.9999999999867,397.0301195440085
836.7999999999867,398.772038108006
837.5999999999866,399.97752768256026
838.3999999999866,399.27399991330884
839.1999999999865,397.4879044413646
839.9999999999865,396.6710970772734
840.7999999999864,397.7501913054593
841.5999999999864,399.49410542762007
842.3999999999863,399.9118624024181
843.1999999999863,398.5386088933549
843.9999999999862,396.96562779598696
844.7999999999862,396.9902944004248
845.5999999999862,398.5804369581654
846.3999999999861,399.9220474556575
847.1999999999861,399.4854025023057
847.999999999986,397.78960024584825
848.799999999986,396.7864099489757
849.5999999999859,397.6163978730687
850.3999999999859,399.3316565643265
851.1999999999858,399.973921165608
851.9999999999858,398.8188918070372
852.7999999999857,397.20851609719614
853.5999999999857,396.98614052138316
854.3999999999857,398.4009514842691
855.1999999999856,399.8387618615655
855.9999999999856,399.6588246694255
856.7999999999855,398.08421404997955
857.5999999999855,396.9306186840472
858.3999999999854,397.51207498795344
859.1999999999854,399.1632282172357
859.9999999999853,399.99905392875553
860.7999999999853,399.07157630462507
861.5999999999852,397.4619662633965
862.3999999999852,397.01587611392614
863.1999999999852,398.2377656783232
863.9999999999851,399.7331429832624
864.7999999999851,399.79477679850015
865.599999999985,398.36691524837596
866.399999999985,397.09921061355703
867.1999999999849,397.4381777882303
867.9999999999849,398.99427637539344
868.7999999999848,399.991016047526
869.5999999999848,399.2944980953901
870.3999999999847,397.7205942295534
871.1999999999847,397.07708624575776
871.9999999999847,398.0942401501186
872.7999999999846,399.61059850971344
873.5999999999846,399.894535720986
874.3999999999845,398.6335588361785
875.1999999999845,397.2875168594696
875.9999999999844,397.39484423048475
876.7999999999844,398.8296946091276
877.5999999999843,399.9539157056062
878.3999999999843,399.48633089912954
879.1999999999842,397.9793685580032
879.9999999999842,397.1668468997439
880.7999999999842,397.972928152905
881.5999999999841,399.4763548605043
882.3999999999841,399.960035138944
883.199999999984,398.88070919375707
883.999999999984,397.49083414721315
884.7999999999839,397.38148247554983
885.5999999999839,398.6737656238305
886.3999999999838,399.8920825378941
887.1999999999838,399.64653048667327
887.9999999999837,398.2336872766654
888.7999999999837,397.2818452477576
889.5999999999837,397.87560791253287
890.3999999999836,399.33535889152677
891.1999999999836,399.9937534135722
891.9999999999835,399.1056451972574
892.7999999999835,397.70453323191015
893.5999999999834,397.39686366841977
894.3999999999834,398.5301328078365
895.1999999999833,399.8099467343325
895.9999999999833,399.77526713042687
896.7999999999832,398.4794366075351
897.5999999999832,397.41849412677266
898.3999999999832,397.803328218428
899.1999999999831,399.1921979958187
899.9999999999831,399.998601733644
900.799999999983,399.30634877071884
901.599999999983,397.9241533698644
902.3999999999829,397.4392173862498
903.1999999999829,398.40178963068024
903.9999999999828,399.71193014985573
904.7999999999828,399.8733494289517
905.5999999999827,398.7130325070608
906.3999999999827,397.5730391107248
907.1999999999827,397.7564644273634
907.9999999999826,399.0510379715435
908.7999999999826,399.97781526084407
909.5999999999825,399.4814790913002
910.3999999999825,398.1454826024833
911.1999999999824,397.50632740132454
911.9999999999824,398.29108466064093
912.7999999999823,399.60235041737405
913.5999999999823,399.9421422959823
914.3999999999822,398.9314461637511
915.1999999999822,397.74165694095393
915.9999999999822,397.7347822584897
916.7999999999821,398.91557768330955
917.5999999999821,399.93484942142544
918.399999999982,399.6303346993444
919.199999999982,398.3646239103136
919.9999999999819,397.59562575582424
920.7999999999819,398.1997399599984
921.5999999999818,399.48533858949077
922.3999999999818,399.9834816849076
923.1999999999817,399.1322147758623
923.9999999999817,397.9205444042478
924.7999999999817,397.7375070022816
925.5999999999816,398.7890192868655
926.3999999999816,399.8732830908863
927.1999999999815,399.75280575396096
927.9999999999815,398.5780475469538
928.7999999999814,397.7042834699866
929.5999999999814,398.12888066662117
930.3999999999813,399.3647704267933
931.1999999999813,399.9995883673632
931.9999999999812,399.31343906897564
932.7999999999812,398.10599704116805
933.5999999999812,397.76339601853124
934.3999999999811,398.67405260878485
935.1999999999811,399.7967300119701
935.999999999981,399.8493186210791
936.799999999981,398.78263008278816
937.5999999999809,397.82929650560686
938.3999999999809,398.0790736645715
939.1999999999808,399.2442111060071
939.9999999999808,399.9929828094211
940.7999999999807,399.47376910912345
941.5999999999807,398.29447732583014
942.3999999999807,397.8108126466315
943.1999999999806,398.572852162927
943.9999999999806,399.70875940561103
944.7999999999805,399.92077488371245
945.5999999999805,398.975680871637
946.3999999999804,397.96756587759523
947.1999999999804,398.05037337130653
947.9999999999803,399.12687284016897
948.7999999999803,399.9664029001515
949.5999999999802,399.6123800252917
950.3999999999802,398.4826721911913
951.1999999999802,397.87779989559255
951.9999999999801,398.4870852340438
952.7999999999801,399.6128263865648
953.59999999998,399.96848673500057
954.39999999998,399.15495680956735
955.1999999999799,398.1159710570816
955.9999999999799,398.04237281689046
956.7999999999798,399.0155846820918
957.5999999999798,399.9227259950551
958.3999999999797,399.7289392745246
959.1999999999797,398.66753997609715
959.9999999999797,397.9621525093924
960.7999999999796,398.4179294522374
961.5999999999796,399.51221248518056
962.3999999999795,399.99411055579606
963.1999999999795,399.31866637692707
963.9999999999794,398.2714360330135
964.7999999999794,398.05425834823967
965.5999999999793,398.91277361589067
966.3999999999793,399.86489644932124
967.1999999999792,399.8235670700795
967.9999999999792,398.84634705100973
968.7999999999791,398.0614862220521
969.5999999999791,398.36609831470923
970.3999999999791,399.4099763070659
971.199999999979,399.99958029967524
971.999999999979,399.4654640496817
972.7999999999789,398.4309876044694
973.5999999999789,398.0848664566595
974.3999999999788,398.82045592489004
975.1999999999788,399.79585954007166
975.9999999999787,399.89679154803235
976.7999999999787,399.01669453494253
977.5999999999786,398.1733032195443
978.3999999999786,398.33187317067734
979.1999999999786,399.3089141334219
979.9999999999785,399.9870421146367
980.7999999999785,399.5944362315537
981.5999999999784,398.59180566008575
982.3999999999784,398.13274139181993
983.1999999999783,398.7402377502859
983.9999999999783,399.71850241834477
984.7999999999782,399.9495001760479
985.5999999999782,399.1765356485151
986.3999999999781,398.2950530128917
987.1999999999781,398.31514026589633
987.9999999999781,399.2115300764933
988.799999999978,399.95879142925594
989.599999999978,399.70507989570785
990.3999999999779,398.75126536536493
991.1999999999779,398.19619238623216
991.9999999999778,398.6733237176406
992.7999999999778,399.63560249529246
993.5999999999777,399.98288881298146
994.3999999999777,399.32418435906465
995.1999999999776,398.4241881020999
995.9999999999776,398.31543153901436
996.7999999999776,399.1200152548882
997.5999999999775,399.91721352797026
998.3999999999775,399.7972751378484
999.1999999999774,398.9069713286676
999.9999999999774,398.27334947271385
1000.7999999999773,398.62053250115207
1001.5999999999773,399.54978345473745
1002.3999999999772,399.9984097147632
1003.1999999999772,399.45831606356467
1003.9999999999771,398.5582139707904
1004.7999999999771,398.3319679658333
1005.5999999999771,399.0362353382937
1006.399999999977,399.8647284401484
1007.199999999977,399.871252830612
1007.9999999999769,399.0567839467948
1008.7999999999769,398.3622170261917
1009.5999999999768,398.58231821354235
1010.3999999999768,399.4634788990487
1011.1999999999767,399.9977196538799
1011.9999999999767,399.5779611217433
1012.7999999999766,398.6947330980696
1013.5999999999766,398.36370435712655
1014.3999999999766,398.96172572888986
1015.1999999999765,399.8037407757056
1015.9999999999765,399.9275585353613
1016.7999999999764,399.19883824558616
1017.5999999999764,398.46072430337153
1018.3999999999763,398.558796545468
1019.1999999999763,399.3789034763359
1019.9999999999762,399.9826291826754
1020.7999999999762,399.6824920998637
1021.5999999999761,398.83148280986336
1022.3999999999761,398.4093746283413
1023.1999999999761,398.8976935929376
1023.999999999976,399.73659495978023
1024.799999999976,399.96701377538784
1025.599999999976,399.3315556300954
1026.399999999976,398.5667723889014
1027.199999999976,398.5497746306916
1027.999999999976,399.2980312049028
1028.7999999999759,399.9550539279411
1029.5999999999758,399.7716056127459
1030.3999999999758,398.9663669133893
1031.1999999999757,398.4675366698113
1031.9999999999757,398.8450259253169
1032.7999999999756,399.665536152971
1033.5999999999756,399.9906757057891
1034.3999999999755,399.4536490408137
1035.1999999999755,398.67827708171194
1035.9999999999754,398.55478367446807
1036.7999999999754,399.2225806035489
1037.5999999999754,399.9169686600796
1038.3999999999753,399.84529966082005
1039.1999999999753,399.09748116982456
1039.9999999999752,398.53661605654906
1040.7999999999752,398.8043028206163
1041.5999999999751,399.5926769936062
1042.399999999975,399.9997961335549
1043.199999999975,399.5641220791845
1043.999999999975,398.7932073731743
1044.799999999975,398.57311345288826
1045.599999999975,399.15400615331
1046.3999999999749,399.8703647381366
1047.1999999999748,399.90384735002704
1047.9999999999748,399.22313275779095
1048.7999999999747,398.61494794289035
1049.5999999999747,398.7758151326262
1050.3999999999746,399.5199701668666
1051.1999999999746,399.9957807494209
1051.9999999999745,399.6622627162958
1052.7999999999745,398.90961927802084
1053.5999999999744,398.60384786562753
1054.3999999999744,399.0934955544955
1055.1999999999744,399.817211395108
1055.9999999999743,399.9477678588377
1056.7999999999743,399.34185396790633
1057.5999999999742,398.7008165903844
1058.3999999999742,398.759585725412
1059.1999999999741,399.4491866908658
1059.999999999974,399.98014933452134
1060.799999999974,399.7476322349452
1061.599999999974,399.0256848802708
1062.399999999974,398.6459008020551
1063.199999999974,399.04197220032415
1063.9999999999739,399.75942119865783
1064.7999999999738,399.97779547847205
1065.5999999999738,399.45241044287695
1066.3999999999737,398.79249207511367
1067.1999999999737,398.75539355129257
1067.9999999999736,399.3818997132204
1068.7999999999736,399.95449760193037
1069.5999999999735,399.82005007600486
1070.3999999999735,399.13971654811303
1071.1999999999734,398.6980516584627
1071.9999999999734,399.00010226267597
1072.7999999999734,399.69881990241817
1073.5999999999733,399.9948475029401
1074.3999999999733,399.5538043404183
1075.1999999999732,398.8882638137021
1075.9999999999732,398.76279983209986
1076.7999999999731,399.3194735323424
1077.599999999973,399.92046122904367
1078.399999999973,399.8795752679201
1079.199999999973,399.25018635707477
1079.999999999973,398.7589799241848
1080.799999999973,398.9683057751107
1081.5999999999729,399.63712079427603
1082.3999999999728,399.9999916862983
1083.1999999999728,399.6452728485016
1083.9999999999727,398.9864706368746
1084.7999999999727,398.78117566780463
1085.5999999999726,399.26305749458623
1086.3999999999726,399.87968253364505
1087.1999999999725,399.92648511280703
1087.9999999999725,399.35574083586476
1088.7999999999724,398.8272983310424
1089.5999999999724,398.9467710994825
1090.3999999999724,399.5759035507298
1091.1999999999723,399.9944139176831
1091.9999999999723,399.7262825208305
1092.7999999999722,399.08552722102417
1093.5999999999722,398.8097304478514
1094.3999999999721,399.21358437022167
1095.199999999972,399.83378014660434
1095.999999999972,399.96125178554695
1096.799999999972,399.4552112162727
1097.599999999972,398.9015841367205
1098.399999999972,398.93547217430836
1099.1999999999719,399.51659752147697
1099.9999999999718,399.9793866927384
1100.7999999999718,399.79651992940813
1101.5999999999717,399.1839467662447
1102.3999999999717,398.84754049545813
1103.1999999999716,399.1717727767225
1103.9999999999716,399.7843219392427
1104.7999999999715,399.9845174752884
1105.5999999999715,399.54761942658575
1106.3999999999714,398.98040818602107
1107.1999999999714,398.9341879633325
1107.9999999999714,399.4604692956755
1108.7999999999713,399.9562388847411
1109.5999999999713,399.8558791478615
1110.3999999999712,399.2803598803357
1111.1999999999712,398.8935774317371
1111.9999999999711,399.1381331952628
1112.799999999971,399.73280137446847
1113.599999999971,399.99706866285806
1114.399999999971,399.6321801177264
1115.199999999971,399.06236146511094
1115.999999999971,398.94252354973514
1116.7999999999709,399.40861434029745
1117.5999999999708,399.9263272419951
1118.3999999999708,399.9044465866745
1119.1999999999707,399.3735296947049
1119.9999999999707,398.94673580470663
1120.7999999999706,399.11297711545785
1121.5999999999706,399.68061736981247
1122.3999999999705,399.9998100840706
1123.1999999999705,399.70829905112527
1123.9999999999704,399.1460789311383
1124.7999999999704,398.9599323539471
1125.5999999999704,399.36195245194875
1126.3999999999703,399.89100996175625
1127.1999999999703,399.94248369805894
1127.9999999999702,399.46236329600424
1128.7999999999702,399.00585958505
1129.5999999999701,399.0964288401849
1130.39999999997,399.62905768679946
1131.19999999997,399.9937388800324
1131.99999999997,399.7755682091955
1132.79999999997,399.2302604638521
1133.59999999997,398.9857389894703
1134.3999999999699,399.3212267250153
1135.1999999999698,399.8516226166941
1135.9999999999698,399.9704080569451
1136.7999999999697,399.5459196108399
1137.5999999999697,399.06976718845937
1138.3999999999696,399.08843948894247
1139.1999999999696,399.57928579688354
1139.9999999999695,399.979919382206
1140.7999999999695,399.8337580118713
1141.5999999999694,399.31368884600363
1142.3999999999694,399.0191623105758
1143.1999999999694,399.2870057099582
1143.9999999999693,399.80945663837963
1144.7999999999693,399.9887733052829
1145.5999999999692,399.6234139268516
1146.3999999999692,399.13727474004725
1147.1999999999691,399.0888027495233
1147.999999999969,399.5323311170823
1148.799999999969,399.95945892397447
1149.599999999969,399.88280703754793
1150.399999999969,399.39524473551137
1151.199999999969,399.05933824728186
1151.9999999999688,399.2596884162801
1152.7999999999688,399.76574049543575
1153.5999999999688,399.9982484203361
1154.3999999999687,399.69421927237215
1155.1999999999687,399.20721735105656
1155.9999999999686,399.0971719466484
1156.7999999999686,399.4890824617322
1157.5999999999685,399.933485013073
1158.3999999999685,399.92280965275614
1159.1999999999684,399.4739186436516
1159.9999999999684,399.1053420658127
1160.7999999999683,399.239511802651
1161.5999999999683,399.7216236417321
1162.3999999999683,399.99959673589694
1163.1999999999682,399.7578649095806
1163.9999999999682,399.2784682305595
1164.7999999999681,399.11307801788155
1165.599999999968,399.45028451663507
1166.399999999968,399.9031241417332
1167.199999999968,399.9540019545377
1167.999999999968,399.54881998141764
1168.799999999968,399.156209737465
1169.5999999999678,399.2265603933781
1170.3999999999678,399.6781632540326
1171.1999999999678,399.9936551088149
1171.9999999999677,399.81403222149345
1172.7999999999677,399.3499555053189
1173.5999999999676,399.1359480137416
1174.3999999999676,399.416537110871
1175.1999999999675,399.869482455025
1175.9999999999675,399.97674642124485
1176.7999999999674,399.6191832770602
1177.5999999999674,399.2109581408367
1178.3999999999673,399.2207776604606
1179.1999999999673,399.6363137272429
1179.9999999999673,399.9813135833137
1180.7999999999672,399.86254829224106
1181.5999999999672,399.4206766683183
1182.3999999999671,399.1651237672703
1183.199999999967,399.38829703684706
1183.999999999967,399.83362844327326
1184.799999999967,399.99151565398836
1185.599999999967,399.6843717057473
1186.399999999967,399.2686038675251
1187.1999999999668,399.221978819498
1187.9999999999668,399.59691885216824
1188.7999999999668,399.9634958633047
1189.5999999999667,399.903377492035
1190.3999999999667,399.48971062126424
1191.1999999999666,399.1998804101759
1191.9999999999666,399.36588215274895
1192.7999999999665,399.796577773118
1193.5999999999665,399.99887557149907
1194.3999999999664,399.7438781034535
1195.1999999999664,399.32818044295743
1195.9999999999663,399.229864698113
1196.7999999999663,399.5607065614877
1197.5999999999663,399.9411408592504
1198.3999999999662,399.93661138495514
1199.1999999999662,399.556227317437
1199.9999999999661,399.23944444402844
1200.799999999966,399.3494774891988
1201.599999999966,399.75928032311856
1202.399999999966,399.9994683976205
1203.199999999966,399.7973236640152
1203.999999999966,399.3887538161266
1204.7999999999658,399.24403635205056
1205.5999999999658,399.5282860985839
1206.3999999999658,399.9151855321991
1207.1999999999657,399.9624572776516
1207.9999999999657,399.6194950495747
1208.7999999999656,399.2830111099868
1209.5999999999656,399.33914307782373
1210.3999999999655,399.7226094461414
1211.1999999999655,399.99399575301265
1211.9999999999654,399.84445453892977
1212.7999999999654,399.4494360116206
1213.5999999999653,399.26401012275386
1214.3999999999653,399.5001474374433
1215.1999999999653,399.88654921418345
1215.9999999999652,399.9812257220394
1216.7999999999652,399.67888546055053
1217.5999999999651,399.3297608331077
1218.399999999965,399.33482321780366
1219.199999999965,399.6873534404801
1219.999999999965,399.9832021325305
1220.799999999965,399.8851365755211
1221.599999999965,399.50939687522737
1222.3999999999648,399.28923285111694
1223.1999999999648,399.47666276108606
1223.9999999999648,399.85611954186356
1224.7999999999647,399.99331727536725
1225.5999999999647,399.73387638541044
1226.3999999999646,399.37887455231663
1227.1999999999646,399.3363569008654
1227.9999999999645,399.65420917629524
1228.7999999999645,399.96785901736064
1229.5999999999644,399.9193484399191
1230.3999999999644,399.56787388071393
1231.1999999999643,399.31909698652345
1231.9999999999643,399.458089791467
1232.7999999999643,399.8247401000816
1233.5999999999642,399.999208806824
1234.3999999999642,399.78405265909385
1235.1999999999641,399.4295477807307
1235.999999999964,399.3434891230218
1236.799999999964,399.62377779329637
1237.599999999964,399.9487498374737
1238.399999999964,399.94717337687865
1239.199999999964,399.62417999819365
1239.9999999999638,399.35295535409654
1240.7999999999638,399.44457675242097
1241.5999999999638,399.7931998337085
1242.3999999999637,399.9994396220146
1243.1999999999637,399.8291050457516
1243.9999999999636,399.48100327367604
1244.7999999999636,399.3558828216238
1245.5999999999635,399.596562358845
1246.3999999999635,399.92665596574074
1247.1999999999634,399.9687898598906
1247.9999999999634,399.6777096558112
1248.7999999999633,399.39013537028745
1249.5999999999633,399.43616874241144
1250.3999999999633,399.7622242514958
1251.1999999999632,399.9945976557802
1251.9999999999632,399.86882746319935
1252.7999999999631,399.5325022141878
1253.599999999963,399.37313119087065
1254.399999999963,399.5729673546072
1255.199999999963,399.9023438913718
1255.999999999963,399.98446138154895
1256.799999999963,399.7279428534036
1257.5999999999628,399.4299525227777
1258.3999999999628,399.43281529120685
1259.1999999999628,399.73246841328955
1259.9999999999627,399.9853059607089
1260.7999999999627,399.90311268954986
1261.5999999999626,399.5833538563495
1262.3999999999626,399.3947701444533
1263.1999999999625,399.5532998417734
1263.9999999999625,399.8765536869014
1264.7999999999624,399.9945256275676
1265.5999999999624,399.77444751217126
1266.3999999999623,399.4717229580636
1267.1999999999623,399.4343788764881
1267.9999999999623,399.7045116633317
1268.7999999999622,399.97220969364827
1269.5999999999622,399.93194674830204
1270.3999999999621,399.6329235958382
1271.199999999962,399.4202907120093
1271.999999999962,399.5377721419572
1272.799999999962,399.8499888511909
1273.599999999962,399.9993832670792
1274.399999999962,399.8168801654326
1275.1999999999618,399.514775047301
1275.9999999999618,399.4406441816992
1276.7999999999618,399.6788540473488
1277.5999999999617,399.95596377644625
1278.3999999999617,399.95540217352544
1279.1999999999616,399.6806394642343
1279.9999999999616,399.4491511753441
1280.7999999999615,399.52650586099355
1281.5999999999615,399.82330758050045
1282.3999999999614,399.9994865785475
1283.1999999999614,399.8549851135641
1283.9999999999613,399.5584598267313
1284.7999999999613,399.451327883233
1285.5999999999613,399.6559143288961
1286.3999999999612,399.9372213803753
1287.1999999999612,399.97363035856125
1287.9999999999611,399.72599706888275
1288.799999999961,399.48078877109316
1289.599999999961,399.5195370773434
1290.399999999961,399.7971154915455
1291.199999999961,399.9953281146249
1291.999999999961,399.88859218129267
1292.7999999999608,399.60216023609763
1293.5999999999608,399.4660887662776
1294.3999999999608,399.6360295026976
1295.1999999999607,399.91662335699954
1295.9999999999607,399.98685318980387
1296.7999999999606,399.76856302268504
1297.5999999999606,399.51463080724443
1298.3999999999605,399.5168225138341
1299.1999999999605,399.771959794438
1299.9999999999604,399.9874295913303
1300.7999999999604,399.9176132266702
1301.5999999999603,399.6452991024714
1302.3999999999603,399.4845379798245
1303.1999999999603,399.61945568732415
1303.9999999999602,399.8947887116967
1304.7999999999602,399.99535416234477
1305.5999999999601,399.8079769291916
1306.39999999996,399.5501050633879
1307.19999999996,399.5182465122382
1307.99999999996,399.74832489005365
1308.79999999996,399.976331167424
1309.59999999996,399.94203755924605
1310.3999999999598,399.6873458411738
1311.1999999999598,399.5062492556718
1311.9999999999598,399.6063702682664
1312.7999999999597,399.8723061908157
1313.5999999999597,399.9994691661848
1314.3999999999596,399.84395200491696
1315.1999999999596,399.5866493648771
1315.9999999999595,399.5236286325123
1316.7999999999595,399.72662934541273
1317.5999999999594,399.96258125935566
1318.3999999999594,399.9619264298638
1319.1999999999593,399.72782186734594
1319.9999999999593,399.53076893094357
1320.7999999999593,399.5968751534046
1321.5999999999592,399.8497270286562
1322.3999999999592,399.99957712191986
1323.1999999999591,399.8762744374107
1323.999999999959,399.62372024417294
1324.799999999959,399.53273170465263
1325.599999999959,399.7072241826177
1326.399999999959,399.94672701597807
1327.199999999959,399.9774067567246
1327.9999999999588,399.7663047331517
1328.7999999999588,399.5576256304714
1329.5999999999588,399.59100099783814
1330.3999999999587,399.8275588779907
1331.1999999999587,399.99609063220606
1331.9999999999586,399.9048015890645
1332.7999999999586,399.6608006227221
1333.5999999999585,399.54527016805736
1334.3999999999585,399.6903924013877
1335.1999999999584,399.9293055558873
1335.9999999999584,399.9886642512455
1336.7999999999583,399.80243102378915
1337.5999999999583,399.5863394817222
1338.3999999999583,399.5887122513352
1339.1999999999582,399.80626092618286
1339.9999999999582,399.98944680140664
1340.7999999999581,399.92945916689473
1341.599999999958,399.6974064676593
1342.399999999958,399.560918542701
1343.199999999958,399.6763496424359
1343.999999999958,399.9108360490904
1344.799999999958,399.9959361039313
1345.5999999999578,399.8358980627793
1346.3999999999578,399.6164307526211
1347.1999999999578,399.58991288173223
1347.9999999999577,399.78624018013323
1348.7999999999577,399.9800983604917
1349.5999999999576,399.9502374852908
1350.3999999999576,399.73309239670607
1351.1999999999575,399.57931988697976
1351.9999999999575,399.66524588885113
1352.7999999999574,399.89181270421216
1353.5999999999574,399.9995033846778
1354.3999999999573,399.86646449164084
1355.1999999999573,399.64742782005345
1355.9999999999573,399.5944526288329
1356.7999999999572,399.76784888550424
1357.5999999999572,399.96850521794744
1358.3999999999571,399.9671869537286
1359.199999999957,399.76745622367997
1359.999999999957,399.6000941091748
1360.799999999957,399.6571680946818
1361.599999999957,399.8726987023184
1362.399999999957,399.99968330425367
1363.1999999999568,399.89394980240553
1363.9999999999568,399.6788743949254
1364.7999999999568,399.6021336476184
1365.5999999999567,399.7513830308362
1366.3999999999567,399.95512654058564
1367.1999999999566,399.9804129231573
1367.9999999999566,399.80014245376566
1368.7999999999565,399.6228460124177
1369.5999999999565,399.65214362505986
1370.3999999999564,399.8539211001722
1371.1999999999564,399.99682147393327
1371.9999999999563,399.91823291115617
1372.7999999999563,399.7103359461407
1373.5999999999563,399.61271740444045
1374.3999999999562,399.7370818737662
1375.1999999999562,399.94041345099953
1375.9999999999561,399.99007002469784
1376.799999999956,399.830844753449
1377.599999999956,399.6471729664071
1378.399999999956,399.6501443886452
1379.199999999956,399.83586670794284
1379.999999999956,399.99128428945113
1380.7999999999558,399.93924986983143
1381.5999999999558,399.741405283403
1382.3999999999558,399.6259316976242
1383.1999999999557,399.7251284159949
1383.9999999999557,399.9248024113555
1384.7999999999556,399.9963561319825
1385.5999999999556,399.8593074344801
1386.3999999999555,399.6726721135525
1387.1999999999555,399.6510915423384
1387.9999999999554,399.81887893040084
1388.7999999999554,399.9834515531483
1389.5999999999553,399.9569908195862
1390.3999999999553,399.7717072746136
1391.1999999999553,399.6414776816596
1391.9999999999552,399.7156507443381
1392.7999999999552,399.908709346424
1393.5999999999551,399.9995060741013
1394.399999999955,399.8853260032512
1395.199999999955,399.6989470311809
1395.999999999955,399.65486064914285
1396.799999999955,399.8032555466041
1397.599999999955,399.97370943533923
1398.3999999999548,399.9714962928047
1399.1999999999548,399.80090268863586
1399.9999999999548,399.6590367838201
1400.7999999999547,399.70872414856774
1401.5999999999547,399.8925245425064
1402.3999999999546,399.99978522025583
1403.1999999999546,399.908746838422
1403.9999999999545,399.7256137863455
1404.7999999999545,399.66128717221284
1405.5999999999544,399.7892473894366
1406.3999999999544,399.9624438621228
1407.1999999999543,399.9828529736556
1407.9999999999543,399.8286911693493
1408.7999999999543,399.6782774127566
1409.5999999999542,399.7043739221022
1410.3999999999542,399.8766083437491
1411.1999999999541,399.9974830496427
1411.999999999954,399.929466067898
1412.799999999954,399.7523063334971
1413.599999999954,399.6701721928455
1414.399999999954,399.77705787637103
1415.199999999954,399.95003440333073
1415.9999999999538,399.99118902651554
1416.7999999999538,399.85481335894485
1417.5999999999538,399.69886136882366
1418.3999999999537,399.70257874788484
1419.1999999999537,399.8612876525395
1419.9999999999536,399.9929068115078
1420.7999999999536,399.9474277242016
1421.5999999999535,399.7786812196868
1422.3999999999535,399.68128824482324
1423.1999999999534,399.7668433322558
1423.9999999999534,399.93684872006884
1424.7999999999533,399.99666910065326
1425.5999999999533,399.8790522013126
1426.3999999999533,399.72044987823665
1427.1999999999532,399.7032745711527
1427.9999999999532,399.84685322762
1428.7999999999531,399.9863753705263
1429.599999999953,399.96262126219403
1430.399999999953,399.8044215749234
1431.199999999953,399.69438516461827
1431.999999999953,399.75871403805974
1432.799999999953,399.9232376178092
1433.5999999999528,399.99948911606236
1434.3999999999528,399.9012334663994
1435.1999999999528,399.74270918434337
1435.9999999999527,399.70635886067396
1436.7999999999527,399.83355776141667
1437.5999999999526,399.9782133222673
1438.3999999999526,399.9750785271757
1439.1999999999525,399.8292403785724
1439.9999999999525,399.70919586448974
1440.7999999999524,399.75273593320674
1441.5999999999524,399.9095307376869
1442.3999999999523,399.9998709307999
1443.1999999999523,399.92122554563457
1443.9999999999523,399.76531564144994
1444.7999999999522,399.71169516181453
1445.5999999999522,399.82161470721474
1446.3999999999521,399.96874545256554
1447.199999999952,399.98487026317673
1447.999999999952,399.8528830039817
1448.799999999952,399.72544194331454
1449.599999999952,399.7489328944495
1450.399999999952,399.89603290587263
1451.1999999999518,399.9980569844132
1451.9999999999518,399.93893857619884
1452.7999999999518,399.7879602679794
1453.5999999999517,399.71911784762096
1454.3999999999517,399.81119781727784
1455.1999999999516,399.9582916032788
1455.9999999999516,399.99210225203285
1456.7999999999515,399.8751290552159
1457.5999999999515,399.74283905953735
1458.3999999999514,399.74728951157107
1459.1999999999514,399.88302114880554
1459.9999999999513,399.9943050050947
1460.7999999999513,399.9543229584907
1461.5999999999513,399.81035272814995
1462.3999999999512,399.72843697875305
1463.1999999999512,399.802441345142
1463.9999999999511,399.9471619956206
1464.799999999951,399.9969111726185
1465.599999999951,399.89579351941904
1466.399999999951,399.76110199976324
1467.199999999951,399.74775427875306
1467.999999999951,399.8707423711675
1468.7999999999508,399.9888828604173
1469.5999999999508,399.967367335415
1470.3999999999508,399.8322247215638
1471.1999999999507,399.73944318766337
1471.9999999999507,399.7954408583904
1472.7999999999506,399.9356530509368
1473.5999999999506,399.9994602674083
1474.3999999999505,399.9147272674168
1475.1999999999505,399.7799493860639
1475.9999999999504,399.7502431199859
1476.7999999999504,399.85941168302196
1477.5999999999503,399.98206362310145
1478.3999999999503,399.97809610582533
1479.1999999999503,399.8533327713934
1479.9999999999502,399.75191250884785
1480.7999999999502,399.79025460302984
1481.5999999999501,399.92404373787105
1482.39999999995,399.99993489990925
1483.19999999995,399.9318169427827
1483.99999999995,399.7991079750081
1484.79999999995,399.75464316837645
1485.59999999995,399.8492113536163
1486.3999999999498,399.9741209143458
1487.1999999999498,399.9865665462773
1487.9999999999498,399.87346041166626
1488.7999999999497,399.7656110835918
1489.5999999999497,399.78690535652066
1490.3999999999496,399.9125924642311
1491.1999999999496,399.99853808200396
1491.9999999999495,399.9469842864994
1492.7999999999495,399.8183165112909
1493.5999999999494,399.7608167211715
1494.3999999999494,399.8402903611602
1495.1999999999493,399.9653245780459
1495.9999999999493,399.9928656159467
1496.7999999999493,399.89241978345103
1497.5999999999492,399.7802996749231
1498.3999999999492,399.7853827037725
1499.1999999999491,399.9015345218989
1499.999999999949,399.99548604466696
1500.799999999949,399.9601849493861
1501.599999999949,399.83732910812364
1502.399999999949,399.7686052954957
1503.199999999949,399.83276450091785
